code,name,type,parentCode
A,农、林、牧、渔业,1,
A01,农业,2,A
A011,谷物种植,3,A01
A0111,稻谷种植,4,A011
A0112,小麦种植,4,A011
A0113,玉米种植,4,A011
A0119,其他谷物种植,4,A011
A012,豆类、油料和薯类种植,3,A01
A0121,豆类种植,4,A012
A0122,油料种植,4,A012
A0123,薯类种植,4,A012
A013,棉、麻、糖、烟草种植,3,A01
A0131,棉花种植,4,A013
A0132,麻类种植,4,A013
A0133,糖料种植,4,A013
A0134,烟草种植,4,A013
A014,蔬菜、食用菌及园艺作物种植,3,A01
A0141,蔬菜种植,4,A014
A0142,食用菌种植,4,A014
A0143,花卉种植,4,A014
A0149,其他园艺作物种植,4,A014
A015,水果种植,3,A01
A0151,仁果类和核果类水果种植,4,A015
A0152,葡萄种植,4,A015
A0153,柑橘类种植,4,A015
A0154,香蕉等亚热带水果种植,4,A015
A0159,其他水果种植,4,A015
A016,坚果、含油果、香料和饮料作物种植,3,A01
A0161,坚果种植,4,A016
A0162,含油果种植,4,A016
A0163,香料作物种植,4,A016
A0164,茶叶种植,4,A016
A0169,其他饮料作物种植,4,A016
A017,中药材种植,3,A01
A0171,中草药种植,4,A017
A0179,其他中药材种植,4,A017
A018,草种植及割草,3,A01
A0181,草种植,4,A018
A0182,天然草原割草,4,A018
A0190,其他农业,4,A01
A02,林业,2,A
A021,林木育种和育苗,3,A02
A0211,林木育种,4,A021
A0212,林木育苗,4,A021
A0220,造林和更新,4,A02
A023,森林经营、管护和改培,3,A02
A0231,森林经营和管护,4,A023
A0232,森林改培,4,A023
A024,木材和竹材采运,3,A02
A0241,木材采运,4,A024
A0242,竹材采运,4,A024
A025,林产品采集,3,A02
A0251,木竹材林产品采集,4,A025
A0252,非木竹材林产品采集,4,A025
A03,畜牧业,2,A
A031,牲畜饲养,3,A03
A0311,牛的饲养,4,A031
A0312,马的饲养,4,A031
A0313,猪的饲养,4,A031
A0314,羊的饲养,4,A031
A0315,骆驼饲养,4,A031
A0319,其他牲畜饲养,4,A031
A032,家禽饲养,3,A03
A0321,鸡的饲养,4,A032
A0322,鸭的饲养,4,A032
A0323,鹅的饲养,4,A032
A0329,其他家禽饲养,4,A032
A0330,狩猎和捕捉动物,4,A03
A039,其他畜牧业,3,A03
A0391,兔的饲养,4,A039
A0392,蜜蜂饲养,4,A039
A0399,其他未列明畜牧业,4,A039
A04,渔业,2,A
A041,水产养殖,3,A04
A0411,海水养殖,4,A041
A0412,内陆养殖,4,A041
A042,水产捕捞,3,A04
A0421,海水捕捞,4,A042
A0422,内陆捕捞,4,A042
A05,农、林、牧、渔专业及辅助性活动,2,A
A051,农业专业及辅助性活动,3,A05
A0511,种子种苗培育活动,4,A051
A0512,农业机械活动,4,A051
A0513,灌溉活动,4,A051
A0514,农产品初加工活动,4,A051
A0515,农作物病虫害防治活动,4,A051
A0519,其他农业专业及辅助性活动,4,A051
A052,林业专业及辅助性活动,3,A05
A0521,林业有害生物防治活动,4,A052
A0522,森林防火活动,4,A052
A0523,林产品初级加工活动,4,A052
A0529,其他林业专业及辅助性活动,4,A052
A053,畜牧专业及辅助性活动,3,A05
A0531,畜牧良种繁殖活动,4,A053
A0532,畜禽粪污处理活动,4,A053
A0539,其他畜牧专业及辅助性活动,4,A053
A054,渔业专业及辅助性活动,3,A05
A0541,鱼苗及鱼种场活动,4,A054
A0549,其他渔业专业及辅助性活动,4,A054
B,采矿业,1,
B06,煤炭开采和洗选业,2,B
B0610,烟煤和无烟煤开采洗选,4,B06
B0620,褐煤开采洗选,4,B06
B0690,其他煤炭采选,4,B06
B07,石油和天然气开采业,2,B
B071,石油开采,3,B07
B0711,陆地石油开采,4,B071
B0712,海洋石油开采,4,B071
B072,天然气开采,3,B07
B0721,陆地天然气开采,4,B072
B0722,海洋天然气及可燃冰开采,4,B072
B08,黑色金属矿采选业,2,B
B0810,铁矿采选,4,B08
B0820,锰矿、铬矿采选,4,B08
B0890,其他黑色金属矿采选,4,B08
B09,有色金属矿采选业,2,B
B091,常用有色金属矿采选,3,B09
B0911,铜矿采选,4,B091
B0912,铅锌矿采选,4,B091
B0913,镍钴矿采选,4,B091
B0914,锡矿采选,4,B091
B0915,锑矿采选,4,B091
B0916,铝矿采选,4,B091
B0917,镁矿采选,4,B091
B0919,其他常用有色金属矿采选,4,B091
B092,贵金属矿采选,3,B09
B0921,金矿采选,4,B092
B0922,银矿采选,4,B092
B0929,其他贵金属矿采选,4,B092
B093,稀有稀土金属矿采选,3,B09
B0931,钨钼矿采选,4,B093
B0932,稀土金属矿采选,4,B093
B0933,放射性金属矿采选,4,B093
B0939,其他稀有金属矿采选,4,B093
B10,非金属矿采选业,2,B
B101,土砂石开采,3,B10
B1011,石灰石、石膏开采,4,B101
B1012,建筑装饰用石开采,4,B101
B1013,耐火土石开采,4,B101
B1019,粘土及其他土砂石开采,4,B101
B1020,化学矿开采,4,B10
B1030,采盐,4,B10
B109,石棉及其他非金属矿采选,3,B10
B1091,石棉、云母矿采选,4,B109
B1092,石墨、滑石采选,4,B109
B1093,宝石、玉石采选,4,B109
B1099,其他未列明非金属矿采选,4,B109
B11,开采专业及辅助性活动,2,B
B1110,煤炭开采和洗选专业及辅助性活动,4,B11
B1120,石油和天然气开采专业及辅助性活动,4,B11
B1190,其他开采专业及辅助性活动,4,B11
B12,其他采矿业,2,B
B1200,其他采矿业,4,B12
C,制造业,1,
C13,农副食品加工业,2,C
C131,谷物磨制,3,C13
C1311,稻谷加工,4,C131
C1312,小麦加工,4,C131
C1313,玉米加工,4,C131
C1314,杂粮加工,4,C131
C1319,其他谷物磨制,4,C131
C132,饲料加工,3,C13
C1321,宠物饲料加工,4,C132
C1329,其他饲料加工,4,C132
C133,植物油加工,3,C13
C1331,食用植物油加工,4,C133
C1332,非食用植物油加工,4,C133
C1340,制糖业,4,C13
C135,屠宰及肉类加工,3,C13
C1351,牲畜屠宰,4,C135
C1352,禽类屠宰,4,C135
C1353,肉制品及副产品加工,4,C135
C136,水产品加工,3,C13
C1361,水产品冷冻加工,4,C136
C1362,鱼糜制品及水产品干腌制加工,4,C136
C1363,鱼油提取及制品制造,4,C136
C1369,其他水产品加工,4,C136
C137,蔬菜、菌类、水果和坚果加工,3,C13
C1371,蔬菜加工,4,C137
C1372,食用菌加工,4,C137
C1373,水果和坚果加工,4,C137
C139,其他农副食品加工,3,C13
C1391,淀粉及淀粉制品制造,4,C139
C1392,豆制品制造,4,C139
C1393,蛋品加工,4,C139
C1399,其他未列明农副食品加工,4,C139
C14,食品制造业,2,C
C141,焙烤食品制造,3,C14
C1411,糕点、面包制造,4,C141
C1419,饼干及其他焙烤食品制造,4,C141
C142,糖果、巧克力及蜜饯制造,3,C14
C1421,糖果、巧克力制造,4,C142
C1422,蜜饯制作,4,C142
C143,方便食品制造,3,C14
C1431,米、面制品制造,4,C143
C1432,速冻食品制造,4,C143
C1433,方便面制造,4,C143
C1439,其他方便食品制造,4,C143
C144,乳制品制造,3,C14
C1441,液体乳制造,4,C144
C1442,乳粉制造,4,C144
C1449,其他乳制品制造,4,C144
C145,罐头食品制造,3,C14
C1451,肉、禽类罐头制造,4,C145
C1452,水产品罐头制造,4,C145
C1453,蔬菜、水果罐头制造,4,C145
C1459,其他罐头食品制造,4,C145
C146,调味品、发酵制品制造,3,C14
C1461,味精制造,4,C146
C1462,酱油、食醋及类似制品制造,4,C146
C1469,其他调味品、发酵制品制造,4,C146
C149,其他食品制造,3,C14
C1491,营养食品制造,4,C149
C1492,保健食品制造,4,C149
C1493,冷冻饮品及食用冰制造,4,C149
C1494,盐加工,4,C149
C1495,食品及饲料添加剂制造,4,C149
C1499,其他未列明食品制造,4,C149
C15,酒、饮料和精制茶制造业,2,C
C151,酒的制造,3,C15
C1511,酒精制造,4,C151
C1512,白酒制造,4,C151
C1513,啤酒制造,4,C151
C1514,黄酒制造,4,C151
C1515,葡萄酒制造,4,C151
C1519,其他酒制造,4,C151
C152,饮料制造,3,C15
C1521,碳酸饮料制造,4,C152
C1522,瓶（罐）装饮用水制造,4,C152
C1523,果菜汁及果菜汁饮料制造,4,C152
C1524,含乳饮料和植物蛋白饮料制造,4,C152
C1525,固体饮料制造,4,C152
C1529,茶饮料及其他饮料制造,4,C152
C1530,精制茶加工,4,C15
C16,烟草制品业,2,C
C1610,烟叶复烤,4,C16
C1620,卷烟制造,4,C16
C1690,其他烟草制品制造,4,C16
C17,纺织业,2,C
C171,棉纺织及印染精加工,3,C17
C1711,棉纺纱加工,4,C171
C1712,棉织造加工,4,C171
C1713,棉印染精加工,4,C171
C172,毛纺织及染整精加工,3,C17
C1721,毛条和毛纱线加工,4,C172
C1722,毛织造加工,4,C172
C1723,毛染整精加工,4,C172
C173,麻纺织及染整精加工,3,C17
C1731,麻纤维纺前加工和纺纱,4,C173
C1732,麻织造加工,4,C173
C1733,麻染整精加工,4,C173
C174,丝绢纺织及印染精加工,3,C17
C1741,缫丝加工,4,C174
C1742,绢纺和丝织加工,4,C174
C1743,丝印染精加工,4,C174
C175,化纤织造及印染精加工,3,C17
C1751,化纤织造加工,4,C175
C1752,化纤织物染整精加工,4,C175
C176,针织或钩针编织物及其制品制造,3,C17
C1761,针织或钩针编织物织造,4,C176
C1762,针织或钩针编织物印染精加工,4,C176
C1763,针织或钩针编织品制造,4,C176
C177,家用纺织制成品制造,3,C17
C1771,床上用品制造,4,C177
C1772,毛巾类制品制造,4,C177
C1773,窗帘、布艺类产品制造,4,C177
C1779,其他家用纺织制成品制造,4,C177
C178,产业用纺织制成品制造,3,C17
C1781,非织造布制造,4,C178
C1782,绳、索、缆制造,4,C178
C1783,纺织带和帘子布制造,4,C178
C1784,篷、帆布制造,4,C178
C1789,其他产业用纺织制成品制造,4,C178
C18,纺织服装、服饰业,2,C
C181,机织服装制造,3,C18
C1811,运动机织服装制造,4,C181
C1819,其他机织服装制造,4,C181
C182,针织或钩针编织服装制造,3,C18
C1821,运动休闲针织服装制造,4,C182
C1829,其他针织或钩针编织服装制造,4,C182
C1830,服饰制造,4,C18
C19,皮革、毛皮、羽毛及其制品和制鞋业,2,C
C1910,皮革鞣制加工,4,C19
C192,皮革制品制造,3,C19
C1921,皮革服装制造,4,C192
C1922,皮箱、包（袋）制造,4,C192
C1923,皮手套及皮装饰制品制造,4,C192
C1929,其他皮革制品制造,4,C192
C193,毛皮鞣制及制品加工,3,C19
C1931,毛皮鞣制加工,4,C193
C1932,毛皮服装加工,4,C193
C1939,其他毛皮制品加工,4,C193
C194,羽毛(绒)加工及制品制造,3,C19
C1941,羽毛（绒）加工,4,C194
C1942,羽毛（绒）制品加工,4,C194
C195,制鞋业,3,C19
C1951,纺织面料鞋制造,4,C195
C1952,皮鞋制造,4,C195
C1953,塑料鞋制造,4,C195
C1954,橡胶鞋制造,4,C195
C1959,其他制鞋业,4,C195
C20,木材加工和木、竹、藤、棕、草制品业,2,C
C201,木材加工,3,C20
C2011,锯材加工,4,C201
C2012,木片加工,4,C201
C2013,单板加工,4,C201
C2019,其他木材加工,4,C201
C202,人造板制造,3,C20
C2021,胶合板制造,4,C202
C2022,纤维板制造,4,C202
C2023,刨花板制造,4,C202
C2029,其他人造板制造,4,C202
C203,木质制品制造,3,C20
C2031,建筑用木料及木材组件加工,4,C203
C2032,木门窗制造,4,C203
C2033,木楼梯制造,4,C203
C2034,木地板制造,4,C203
C2035,木制容器制造,4,C203
C2039,软木制品及其他木制品制造,4,C203
C204,竹、藤、棕、草等制品制造,3,C20
C2041,竹制品制造,4,C204
C2042,藤制品制造,4,C204
C2043,棕制品制造,4,C204
C2049,草及其他制品制造,4,C204
C21,家具制造业,2,C
C2110,木质家具制造,4,C21
C2120,竹、藤家具制造,4,C21
C2130,金属家具制造,4,C21
C2140,塑料家具制造,4,C21
C2190,其他家具制造,4,C21
C22,造纸和纸制品业,2,C
C221,纸浆制造,3,C22
C2211,木竹浆制造,4,C221
C2212,非木竹浆制造,4,C221
C222,造纸,3,C22
C2221,机制纸及纸板制造,4,C222
C2222,手工纸制造,4,C222
C2223,加工纸制造,4,C222
C223,纸制品制造,3,C22
C2231,纸和纸板容器制造,4,C223
C2239,其他纸制品制造,4,C223
C23,印刷和记录媒介复制业,2,C
C231,印刷,3,C23
C2311,书、报刊印刷,4,C231
C2312,本册印制,4,C231
C2319,包装装潢及其他印刷,4,C231
C2320,装订及印刷相关服务,4,C23
C2330,记录媒介复制,4,C23
C24,文教、工美、体育和娱乐用品制造业,2,C
C241,文教办公用品制造,3,C24
C2411,文具制造,4,C241
C2412,笔的制造,4,C241
C2413,教学用模型及教具制造,4,C241
C2414,墨水、墨汁制造,4,C241
C2419,其他文教办公用品制造,4,C241
C242,乐器制造,3,C24
C2421,中乐器制造,4,C242
C2422,西乐器制造,4,C242
C2423,电子乐器制造,4,C242
C2429,其他乐器及零件制造,4,C242
C243,工艺美术及礼仪用品制造,3,C24
C2431,雕塑工艺品制造,4,C243
C2432,金属工艺品制造,4,C243
C2433,漆器工艺品制造,4,C243
C2434,花画工艺品制造,4,C243
C2435,天然植物纤维编织工艺品制造,4,C243
C2436,抽纱刺绣工艺品制造,4,C243
C2437,地毯、挂毯制造,4,C243
C2438,珠宝首饰及有关物品制造,4,C243
C2439,其他工艺美术及礼仪用品制造,4,C243
C244,体育用品制造,3,C24
C2441,球类制造,4,C244
C2442,专项运动器材及配件制造,4,C244
C2443,健身器材制造,4,C244
C2444,运动防护用具制造,4,C244
C2449,其他体育用品制造,4,C244
C245,玩具制造,3,C24
C2451,电玩具制造,4,C245
C2452,塑胶玩具制造,4,C245
C2453,金属玩具制造,4,C245
C2454,弹射玩具制造,4,C245
C2455,娃娃玩具制造,4,C245
C2456,儿童乘骑玩耍的童车类产品制造,4,C245
C2459,其他玩具制造,4,C245
C246,游艺器材及娱乐用品制造,3,C24
C2461,露天游乐场所游乐设备制造,4,C246
C2462,游艺用品及室内游艺器材制造,4,C246
C2469,其他娱乐用品制造,4,C246
C25,石油、煤炭及其他燃料加工业,2,C
C251,精炼石油产品制造,3,C25
C2511,原油加工及石油制品制造,4,C251
C2519,其他原油制造,4,C251
C252,煤炭加工,3,C25
C2521,炼焦,4,C252
C2522,煤制合成气生产,4,C252
C2523,煤制液体燃料生产,4,C252
C2524,煤制品制造,4,C252
C2529,其他煤炭加工,4,C252
C2530,核燃料加工,4,C25
C254,生物质燃料加工,3,C25
C2541,生物质液体燃料生产,4,C254
C2542,生物质致密成型燃料加工,4,C254
C26,化学原料和化学制品制造业,2,C
C261,基础化学原料制造,3,C26
C2611,无机酸制造,4,C261
C2612,无机碱制造,4,C261
C2613,无机盐制造,4,C261
C2614,有机化学原料制造,4,C261
C2619,其他基础化学原料制造,4,C261
C262,肥料制造,3,C26
C2621,氮肥制造,4,C262
C2622,磷肥制造,4,C262
C2623,钾肥制造,4,C262
C2624,复混肥料制造,4,C262
C2625,有机肥料及微生物肥料制造,4,C262
C2629,其他肥料制造,4,C262
C263,农药制造,3,C26
C2631,化学农药制造,4,C263
C2632,生物化学农药及微生物农药制造,4,C263
C264,涂料、油墨、颜料及类似产品制造,3,C26
C2641,涂料制造,4,C264
C2642,油墨及类似产品制造,4,C264
C2643,工业颜料制造,4,C264
C2644,工艺美术颜料制造,4,C264
C2645,染料制造,4,C264
C2646,密封用填料及类似品制造,4,C264
C265,合成材料制造,3,C26
C2651,初级形态塑料及合成树脂制造,4,C265
C2652,合成橡胶制造,4,C265
C2653,合成纤维单（聚合）体制造,4,C265
C2659,其他合成材料制造,4,C265
C266,专用化学产品制造,3,C26
C2661,化学试剂和助剂制造,4,C266
C2662,专项化学用品制造,4,C266
C2663,林产化学产品制造,4,C266
C2664,文化用信息化学品制造,4,C266
C2665,医学生产用信息化学品制造,4,C266
C2666,环境污染处理专用药剂材料制造,4,C266
C2667,动物胶制造,4,C266
C2669,其他专用化学产品制造,4,C266
C267,炸药、火工及焰火产品制造,3,C26
C2671,炸药及火工产品制造,4,C267
C2672,焰火、鞭炮产品制造,4,C267
C268,日用化学产品制造,3,C26
C2681,肥皂及洗涤剂制造,4,C268
C2682,化妆品制造,4,C268
C2683,口腔清洁用品制造,4,C268
C2684,香料、香精制造,4,C268
C2689,其他日用化学产品制造,4,C268
C27,医药制造业,2,C
C2710,化学药品原料药制造,4,C27
C2720,化学药品制剂制造,4,C27
C2730,中药饮片加工,4,C27
C2740,中成药生产,4,C27
C2750,兽用药品制造,4,C27
C276,生物药品制品制造,3,C27
C2761,生物药品制造,4,C276
C2762,基因工程药物和疫苗制造,4,C276
C2770,卫生材料及医药用品制造,4,C27
C2780,药用辅料及包装材料,4,C27
C28,化学纤维制造业,2,C
C281,纤维素纤维原料及纤维制造,3,C28
C2811,化纤浆粕制造,4,C281
C2812,人造纤维（纤维素纤维）制造,4,C281
C282,合成纤维制造,3,C28
C2821,锦纶纤维制造,4,C282
C2822,涤纶纤维制造,4,C282
C2823,腈纶纤维制造,4,C282
C2824,维纶纤维制造,4,C282
C2825,丙纶纤维制造,4,C282
C2826,氨纶纤维制造,4,C282
C2829,其他合成纤维制造,4,C282
C283,生物基材料制造,3,C28
C2831,生物基化学纤维制造,4,C283
C2832,生物基、淀粉基新材料制造,4,C283
C29,橡胶和塑料制品业,2,C
C291,橡胶制品业,3,C29
C2911,轮胎制造,4,C291
C2912,橡胶板、管、带制造,4,C291
C2913,橡胶零件制造,4,C291
C2914,再生橡胶制造,4,C291
C2915,日用及医用橡胶制品制造,4,C291
C2916,运动场地用塑胶制造,4,C291
C2919,其他橡胶制品制造,4,C291
C292,塑料制品业,3,C29
C2921,塑料薄膜制造,4,C292
C2922,塑料板、管、型材制造,4,C292
C2923,塑料丝、绳及编织品制造,4,C292
C2924,泡沫塑料制造,4,C292
C2925,塑料人造革、合成革制造,4,C292
C2926,塑料包装箱及容器制造,4,C292
C2927,日用塑料制品制造,4,C292
C2928,人造草坪制造,4,C292
C2929,塑料零件及其他塑料制品制造,4,C292
C30,非金属矿物制品业,2,C
C301,水泥、石灰和石膏制造,3,C30
C3011,水泥制造,4,C301
C3012,石灰和石膏制造,4,C301
C302,石膏、水泥制品及类似制品制造,3,C30
C3021,水泥制品制造,4,C302
C3022,砼结构构件制造,4,C302
C3023,石棉水泥制品制造,4,C302
C3024,轻质建筑材料制造,4,C302
C3029,其他水泥类似制品制造,4,C302
C303,砖瓦、石材等建筑材料制造,3,C30
C3031,粘土砖瓦及建筑砌块制造,4,C303
C3032,建筑用石加工,4,C303
C3033,防水建筑材料制造,4,C303
C3034,隔热和隔音材料制造,4,C303
C3039,其他建筑材料制造,4,C303
C304,玻璃制造,3,C30
C3041,平板玻璃制造,4,C304
C3042,特种玻璃制造,4,C304
C3049,其他玻璃制造,4,C304
C305,玻璃制品制造,3,C30
C3051,技术玻璃制品制造,4,C305
C3052,光学玻璃制造,4,C305
C3053,玻璃仪器制造,4,C305
C3054,日用玻璃制品制造,4,C305
C3055,玻璃包装容器制造,4,C305
C3056,玻璃保温容器制造,4,C305
C3057,制镜及类似品加工,4,C305
C3059,其他玻璃制品制造,4,C305
C306,"玻璃纤维和玻璃纤维增强塑料制品制
造",3,C30
C3061,玻璃纤维及制品制造,4,C306
C3062,玻璃纤维增强塑料制品制造,4,C306
C307,陶瓷制品制造,3,C30
C3071,建筑陶瓷制品制造,4,C307
C3072,卫生陶瓷制品制造,4,C307
C3073,特种陶瓷制品制造,4,C307
C3074,日用陶瓷制品制造,4,C307
C3075,陈设艺术陶瓷制造,4,C307
C3076,园艺陶瓷制造,4,C307
C3079,其他陶瓷制品制造,4,C307
C308,耐火材料制品制造,3,C30
C3081,石棉制品制造,4,C308
C3082,云母制品制造,4,C308
C3089,耐火陶瓷制品及其他耐火材料制造,4,C308
C309,石墨及其他非金属矿物制品制造,3,C30
C3091,石墨及碳素制品制造,4,C309
C3099,其他非金属矿物制品制造,4,C309
C31,黑色金属冶炼和压延加工业,2,C
C3110,炼铁,4,C31
C3120,炼钢,4,C31
C3130,钢压延加工,4,C31
C3140,铁合金冶炼,4,C31
C32,有色金属冶炼和压延加工业,2,C
C321,常用有色金属冶炼,3,C32
C3211,铜冶炼,4,C321
C3212,铅锌冶炼,4,C321
C3213,镍钴冶炼,4,C321
C3214,锡冶炼,4,C321
C3215,锑冶炼,4,C321
C3216,铝冶炼,4,C321
C3217,镁冶炼,4,C321
C3218,硅冶炼,4,C321
C3219,其他常用有色金属冶炼,4,C321
C322,贵金属冶炼,3,C32
C3221,金冶炼,4,C322
C3222,银冶炼,4,C322
C3229,其他贵金属冶炼,4,C322
C323,稀有稀土金属冶炼,3,C32
C3231,钨钼冶炼,4,C323
C3232,稀土金属冶炼,4,C323
C3239,其他稀有金属冶炼,4,C323
C3240,有色金属合金制造,4,C32
C325,有色金属压延加工,3,C32
C3251,铜压延加工,4,C325
C3252,铝压延加工,4,C325
C3253,贵金属压延加工,4,C325
C3254,稀有稀土金属压延加工,4,C325
C3259,其他有色金属压延加工,4,C325
C33,金属制品业,2,C
C331,结构性金属制品制造,3,C33
C3311,金属结构制造,4,C331
C3312,金属门窗制造,4,C331
C332,金属工具制造,3,C33
C3321,切削工具制造,4,C332
C3322,手工具制造,4,C332
C3323,农用及园林用金属工具制造,4,C332
C3324,刀剪及类似日用金属工具制造,4,C332
C3329,其他金属工具制造,4,C332
C333,集装箱及金属包装容器制造,3,C33
C3331,集装箱制造,4,C333
C3332,金属压力容器制造,4,C333
C3333,金属包装容器及材料制造,4,C333
C3340,金属丝绳及其制品制造,4,C33
C335,建筑、安全用金属制品制造,3,C33
C3351,建筑、家具用金属配件制造,4,C335
C3352,建筑装饰及水暖管道零件制造,4,C335
C3353,安全、消防用金属制品制造,4,C335
C3359,其他建筑、安全用金属制品制造,4,C335
C3360,金属表面处理及热处理加工,4,C33
C337,搪瓷制品制造,3,C33
C3371,生产专用搪瓷制品制造,4,C337
C3372,建筑装饰搪瓷制品制造,4,C337
C3373,搪瓷卫生洁具制造,4,C337
C3379,搪瓷日用品及其他搪瓷制品制造,4,C337
C338,金属制日用品制造,3,C33
C3381,金属制厨房用器具制造,4,C338
C3382,金属制餐具和器皿制造,4,C338
C3383,金属制卫生器具制造,4,C338
C3389,其他金属制日用品制造,4,C338
C339,铸造及其他金属制品制造,3,C33
C3391,黑色金属铸造,4,C339
C3392,有色金属铸造,4,C339
C3393,锻件及粉末冶金制品制造,4,C339
C3394,交通及公共管理用金属标牌制造,4,C339
C3399,其他未列明金属制品制造,4,C339
C34,通用设备制造业,2,C
C341,锅炉及原动设备制造,3,C34
C3411,锅炉及辅助设备制造,4,C341
C3412,内燃机及配件制造,4,C341
C3413,汽轮机及辅机制造,4,C341
C3414,水轮机及辅机制造,4,C341
C3415,风能原动设备制造,4,C341
C3419,其他原动设备制造,4,C341
C342,金属加工机械制造,3,C34
C3421,金属切削机床制造,4,C342
C3422,金属成形机床制造,4,C342
C3423,铸造机械制造,4,C342
C3424,金属切割及焊接设备制造,4,C342
C3425,机床功能部件及附件制造,4,C342
C3429,其他金属加工机械制造,4,C342
C343,物料搬运设备制造,3,C34
C3431,轻小型起重设备制造,4,C343
C3432,生产专用起重机制造,4,C343
C3433,生产专用车辆制造,4,C343
C3434,连续搬运设备制造,4,C343
C3435,电梯、自动扶梯及升降机制造,4,C343
C3436,客运索道制造,4,C343
C3437,机械式停车设备制造,4,C343
C3439,其他物料搬运设备制造,4,C343
C344,泵、阀门、压缩机及类似机械制造,3,C34
C3441,泵及真空设备制造,4,C344
C3442,气体压缩机械制造,4,C344
C3443,阀门和旋塞制造,4,C344
C3444,液压动力机械及元件制造,4,C344
C3445,液力动力机械元件制造,4,C344
C3446,气压动力机械及元件制造,4,C344
C345,轴承、齿轮和传动部件制造,3,C34
C3451,滚动轴承制造,4,C345
C3452,滑动轴承制造,4,C345
C3453,齿轮及齿轮减、变速箱制造,4,C345
C3459,其他传动部件制造,4,C345
C346,烘炉、风机、包装等设备制造,3,C34
C3461,烘炉、熔炉及电炉制造,4,C346
C3462,风机、风扇制造,4,C346
C3463,气体、液体分离及纯净设备制造,4,C346
C3464,制冷、空调设备制造,4,C346
C3465,风动和电动工具制造,4,C346
C3466,喷枪及类似器具制造,4,C346
C3467,包装专用设备制造,4,C346
C347,文化、办公用机械制造,3,C34
C3471,电影机械制造,4,C347
C3472,幻灯及投影设备制造,4,C347
C3473,照相机及器材制造,4,C347
C3474,复印和胶印设备制造,4,C347
C3475,计算器及货币专用设备制造,4,C347
C3479,其他文化、办公用机械制造,4,C347
C348,通用零部件制造,3,C34
C3481,金属密封件制造,4,C348
C3482,紧固件制造,4,C348
C3483,弹簧制造,4,C348
C3484,机械零部件加工,4,C348
C3489,其他通用零部件制造,4,C348
C349,其他通用设备制造业,3,C34
C3491,工业机器人制造,4,C349
C3492,特殊作业机器人制造,4,C349
C3493,增材制造装备制造,4,C349
C3499,其他未列明通用设备制造业,4,C349
C35,专用设备制造业,2,C
C351,采矿、冶金、建筑专用设备制造,3,C35
C3511,矿山机械制造,4,C351
C3512,石油钻采专用设备制造,4,C351
C3513,深海石油钻探设备制造,4,C351
C3514,建筑工程用机械制造,4,C351
C3515,建筑材料生产专用机械制造,4,C351
C3516,冶金专用设备制造,4,C351
C3517,隧道施工专用机械制造,4,C351
C352,化工、木材、非金属加工专用设备制造,3,C35
C3521,炼油、化工生产专用设备制造,4,C352
C3522,橡胶加工专用设备制造,4,C352
C3523,塑料加工专用设备制造,4,C352
C3524,木竹材加工机械制造,4,C352
C3525,模具制造,4,C352
C3529,其他非金属加工专用设备制造,4,C352
C353,"食品、饮料、烟草及饲料生产专用设备
制造",3,C35
C3531,食品、酒、饮料及茶生产专用设备制造,4,C353
C3532,农副食品加工专用设备制造,4,C353
C3533,烟草生产专用设备制造,4,C353
C3534,饲料生产专用设备制造,4,C353
C354,"印刷、制药、日化及日用品生产专用设
备制造",3,C35
C3541,制浆和造纸专用设备制造,4,C354
C3542,印刷专用设备制造,4,C354
C3543,日用化工专用设备制造,4,C354
C3544,制药专用设备制造,4,C354
C3545,照明器具生产专用设备制造,4,C354
C3546,"玻璃、陶瓷和搪瓷制品生产专用设备
制造",4,C354
C3549,其他日用品生产专用设备制造,4,C354
C355,纺织、服装和皮革加工专用设备制造,3,C35
C3551,纺织专用设备制造,4,C355
C3552,"皮革、毛皮及其制品加工专用设备制
造",4,C355
C3553,缝制机械制造,4,C355
C3554,洗涤机械制造,4,C355
C356,电子和电工机械专用设备制造,3,C35
C3561,电工机械专用设备制造,4,C356
C3562,半导体器件专用设备制造,4,C356
C3563,电子元器件与机电组件设备制造,4,C356
C3569,其他电子专用设备制造,4,C356
C357,农、林、牧、渔专用机械制造,3,C35
C3571,拖拉机制造,4,C357
C3572,机械化农业及园艺机具制造,4,C357
C3573,营林及木竹采伐机械制造,4,C357
C3574,畜牧机械制造,4,C357
C3575,渔业机械制造,4,C357
C3576,农林牧渔机械配件制造,4,C357
C3577,棉花加工机械制造,4,C357
C3579,其他农、林、牧、渔业机械制造,4,C357
C358,医疗仪器设备及器械制造,3,C35
C3581,医疗诊断、监护及治疗设备制造,4,C358
C3582,口腔科用设备及器具制造,4,C358
C3583,"医疗实验室及医用消毒设备和器具
制造",4,C358
C3584,医疗、外科及兽医用器械制造,4,C358
C3585,机械治疗及病房护理设备制造,4,C358
C3586,康复辅具制造,4,C358
C3587,眼镜制造,4,C358
C3589,其他医疗设备及器械制造,4,C358
C359,环保、邮政、社会公共服务及其他专用设备制造,3,C35
C3591,环境保护专用设备制造,4,C359
C3592,地质勘查专用设备制造,4,C359
C3593,邮政专用机械及器材制造,4,C359
C3594,商业、饮食、服务专用设备制造,4,C359
C3595,社会公共安全设备及器材制造,4,C359
C3596,交通安全、管制及类似专用设备制造,4,C359
C3597,水资源专用机械制造,4,C359
C3599,其他专用设备制造,4,C359
C36,汽车制造业,2,C
C361,汽车整车制造,3,C36
C3611,汽柴油车整车制造,4,C361
C3612,新能源车整车制造,4,C361
C3620,汽车用发动机制造,4,C36
C3630,改装汽车制造,4,C36
C3640,低速汽车制造,4,C36
C3650,电车制造,4,C36
C3660,汽车车身、挂车制造,4,C36
C3670,汽车零部件及配件制造,4,C36
C37,"铁路、船舶、航空航天和其他运输设备制
造业",2,C
C371,铁路运输设备制造,3,C37
C3711,高铁车组制造,4,C371
C3712,铁路机车车辆制造,4,C371
C3713,窄轨机车车辆制造,4,C371
C3714,高铁设备、配件制造,4,C371
C3715,铁路机车车辆配件制造,4,C371
C3716,铁路专用设备及器材、配件制造,4,C371
C3719,其他铁路运输设备制造,4,C371
C3720,城市轨道交通设备制造,4,C37
C373,船舶及相关装置制造,3,C37
C3731,金属船舶制造,4,C373
C3732,非金属船舶制造,4,C373
C3733,娱乐船和运动船制造,4,C373
C3734,船用配套设备制造,4,C373
C3735,船舶改装,4,C373
C3736,船舶拆除,4,C373
C3737,海洋工程装备制造,4,C373
C3739,航标器材及其他相关装置制造,4,C373
C374,航空、航天器及设备制造,3,C37
C3741,飞机制造,4,C374
C3742,航天器及运载火箭制造,4,C374
C3743,航天相关设备制造,4,C374
C3744,航空相关设备制造,4,C374
C3749,其他航空航天器制造,4,C374
C375,摩托车制造,3,C37
C3751,摩托车整车制造,4,C375
C3752,摩托车零部件及配件制造,4,C375
C376,自行车和残疾人座车制造,3,C37
C3761,自行车制造,4,C376
C3762,残疾人座车制造,4,C376
C3770,助动车制造,4,C37
C3780,非公路休闲车及零配件制造,4,C37
C379,潜水救捞及其他未列明运输设备制造,3,C37
C3791,潜水装备制造,4,C379
C3792,水下救捞装备制造,4,C379
C3799,其他未列明运输设备制造,4,C379
C38,电气机械和器材制造业,2,C
C381,电机制造,3,C38
C3811,发电机及发电机组制造,4,C381
C3812,电动机制造,4,C381
C3813,微特电机及组件制造,4,C381
C3819,其他电机制造,4,C381
C382,输配电及控制设备制造,3,C38
C3821,变压器、整流器和电感器制造,4,C382
C3822,电容器及其配套设备制造,4,C382
C3823,配电开关控制设备制造,4,C382
C3824,电力电子元器件制造,4,C382
C3825,光伏设备及元器件制造,4,C382
C3829,其他输配电及控制设备制造,4,C382
C383,电线、电缆、光缆及电工器材制造,3,C38
C3831,电线、电缆制造,4,C383
C3832,光纤制造,4,C383
C3833,光缆制造,4,C383
C3834,绝缘制品制造,4,C383
C3839,其他电工器材制造,4,C383
C384,电池制造,3,C38
C3841,锂离子电池制造,4,C384
C3842,镍氢电池制造,4,C384
C3843,铅蓄电池制造,4,C384
C3844,锌锰电池制造,4,C384
C3849,其他电池制造,4,C384
C385,家用电力器具制造,3,C38
C3851,家用制冷电器具制造,4,C385
C3852,家用空气调节器制造,4,C385
C3853,家用通风电器具制造,4,C385
C3854,家用厨房电器具制造,4,C385
C3855,家用清洁卫生电器具制造,4,C385
C3856,家用美容、保健护理电器具制造,4,C385
C3857,家用电力器具专用配件制造,4,C385
C3859,其他家用电力器具制造,4,C385
C386,非电力家用器具制造,3,C38
C3861,燃气及类似能源家用器具制造,4,C386
C3862,太阳能器具制造,4,C386
C3869,其他非电力家用器具制造,4,C386
C387,照明器具制造,3,C38
C3871,电光源制造,4,C387
C3872,照明灯具制造,4,C387
C3873,舞台及场地用灯制造,4,C387
C3874,智能照明器具制造,4,C387
C3879,灯用电器附件及其他照明器具制造,4,C387
C389,其他电气机械及器材制造,3,C38
C3891,电气信号设备装置制造,4,C389
C3899,其他未列明电气机械及器材制造,4,C389
C39,计算机、通信和其他电子设备制造业,2,C
C391,计算机制造,3,C39
C3911,计算机整机制造,4,C391
C3912,计算机零部件制造,4,C391
C3913,计算机外围设备制造,4,C391
C3914,工业控制计算机及系统制造,4,C391
C3915,信息安全设备制造,4,C391
C3919,其他计算机制造,4,C391
C392,通信设备制造,3,C39
C3921,通信系统设备制造,4,C392
C3922,通信终端设备制造,4,C392
C393,广播电视设备制造,3,C39
C3931,广播电视节目制作及发射设备制造,4,C393
C3932,广播电视接收设备制造,4,C393
C3933,广播电视专用配件制造,4,C393
C3934,专业音响设备制造,4,C393
C3939,"应用电视设备及其他广播电视设备
制造",4,C393
C3940,雷达及配套设备制造,4,C39
C395,非专业视听设备制造,3,C39
C3951,电视机制造,4,C395
C3952,音响设备制造,4,C395
C3953,影视录放设备制造,4,C395
C396,智能消费设备制造,3,C39
C3961,可穿戴智能设备制造,4,C396
C3962,智能车载设备制造,4,C396
C3963,智能无人飞行器制造,4,C396
C3964,服务消费机器人制造,4,C396
C3969,其他智能消费设备制造,4,C396
C397,电子器件制造,3,C39
C3971,电子真空器件制造,4,C397
C3972,半导体分立器件制造,4,C397
C3973,集成电路制造,4,C397
C3974,显示器件制造,4,C397
C3975,半导体照明器件制造,4,C397
C3976,光电子器件制造,4,C397
C3979,其他电子器件制造,4,C397
C398,电子元件及电子专用材料制造,3,C39
C3981,电阻电容电感元件制造,4,C398
C3982,电子电路制造,4,C398
C3983,敏感元件及传感器制造,4,C398
C3984,电声器件及零件制造,4,C398
C3985,电子专用材料制造,4,C398
C3989,其他电子元件制造,4,C398
C3990,其他电子设备制造,4,C39
C40,仪器仪表制造业,2,C
C401,通用仪器仪表制造,3,C40
C4011,工业自动控制系统装置制造,4,C401
C4012,电工仪器仪表制造,4,C401
C4013,绘图、计算及测量仪器制造,4,C401
C4014,实验分析仪器制造,4,C401
C4015,试验机制造,4,C401
C4016,供应用仪器仪表制造,4,C401
C4019,其他通用仪器制造,4,C401
C402,专用仪器仪表制造,3,C40
C4021,环境监测专用仪器仪表制造,4,C402
C4022,运输设备及生产用计数仪表制造,4,C402
C4023,"导航、测绘、气象及海洋专用仪器制
造",4,C402
C4024,农林牧渔专用仪器仪表制造,4,C402
C4025,地质勘探和地震专用仪器制造,4,C402
C4026,教学专用仪器制造,4,C402
C4027,核子及核辐射测量仪器制造,4,C402
C4028,电子测量仪器制造,4,C402
C4029,其他专用仪器制造,4,C402
C4030,钟表与计时仪器制造,4,C40
C4040,光学仪器制造,4,C40
C4050,衡器制造,4,C40
C4090,其他仪器仪表制造业,4,C40
C41,其他制造业,2,C
C411,日用杂品制造,3,C41
C4111,鬃毛加工、制刷及清扫工具制造,4,C411
C4119,其他日用杂品制造,4,C411
C4120,核辐射加工,4,C41
C4190,其他未列明制造业,4,C41
C42,废弃资源综合利用业,2,C
C4210,金属废料和碎屑加工处理,4,C42
C4220,非金属废料和碎屑加工处理,4,C42
C43,金属制品、机械和设备修理业,2,C
C4310,金属制品修理,4,C43
C4320,通用设备修理,4,C43
C4330,专用设备修理,4,C43
C434,铁路、船舶、航空航天等运输设备修理,3,C43
C4341,铁路运输设备修理,4,C434
C4342,船舶修理,4,C434
C4343,航空航天器修理,4,C434
C4349,其他运输设备修理,4,C434
C4350,电气设备修理,4,C43
C4360,仪器仪表修理,4,C43
C4390,其他机械和设备修理业,4,C43
D,电力、热力、燃气及水生产和供应业,1,
D44,电力、热力生产和供应业,2,D
D441,电力生产,3,D44
D4411,火力发电,4,D441
D4412,热电联产,4,D441
D4413,水力发电,4,D441
D4414,核力发电,4,D441
D4415,风力发电,4,D441
D4416,太阳能发电,4,D441
D4417,生物质能发电,4,D441
D4419,其他电力生产,4,D441
D4420,电力供应,4,D44
D4430,热力生产和供应,4,D44
D45,燃气生产和供应业,2,D
D451,燃气生产和供应业,3,D45
D4511,天然气生产和供应业,4,D451
D4512,液化石油气生产和供应业,4,D451
D4513,煤气生产和供应业,4,D451
D4520,生物质燃气生产和供应业,4,D45
D46,水的生产和供应业,2,D
D4610,自来水生产和供应,4,D46
D4620,污水处理及其再生利用,4,D46
D4630,海水淡化处理,4,D46
D4690,其他水的处理、利用与分配,4,D46
E,建筑业,1,
E47,房屋建筑业,2,E
E4710,住宅房屋建筑,4,E47
E4720,体育场馆建筑,4,E47
E4790,其他房屋建筑业,4,E47
E48,土木工程建筑业,2,E
E481,铁路、道路、隧道和桥梁工程建筑,3,E48
E4811,铁路工程建筑,4,E481
E4812,公路工程建筑,4,E481
E4813,市政道路工程建筑,4,E481
E4814,城市轨道交通工程建筑,4,E481
E4819,其他道路、隧道和桥梁工程建筑,4,E481
E482,水利和水运工程建筑,3,E48
E4821,水源及供水设施工程建筑,4,E482
E4822,河湖治理及防洪设施工程建筑,4,E482
E4823,港口及航运设施工程建筑,4,E482
E483,海洋工程建筑,3,E48
E4831,海洋油气资源开发利用工程建筑,4,E483
E4832,海洋能源开发利用工程建筑,4,E483
E4833,海底隧道工程建筑,4,E483
E4834,海底设施铺设工程建筑,4,E483
E4839,其他海洋工程建筑,4,E483
E4840,工矿工程建筑,4,E48
E485,架线和管道工程建筑,3,E48
E4851,架线及设备工程建筑,4,E485
E4852,管道工程建筑,4,E485
E4853,地下综合管廊工程建筑,4,E485
E486,节能环保工程施工,3,E48
E4861,节能工程施工,4,E486
E4862,环保工程施工,4,E486
E4863,生态保护工程施工,4,E486
E487,电力工程施工,3,E48
E4871,火力发电工程施工,4,E487
E4872,水力发电工程施工,4,E487
E4873,核电工程施工,4,E487
E4874,风能发电工程施工,4,E487
E4875,太阳能发电工程施工,4,E487
E4879,其他电力工程施工,4,E487
E489,其他土木工程建筑,3,E48
E4891,园林绿化工程施工,4,E489
E4892,体育场地设施工程施工,4,E489
E4893,游乐设施工程施工,4,E489
E4899,其他土木工程建筑施工,4,E489
E49,建筑安装业,2,E
E4910,电气安装,4,E49
E4920,管道和设备安装,4,E49
E499,其他建筑安装业,3,E49
E4991,体育场地设施安装,4,E499
E4999,其他建筑安装,4,E499
E50,建筑装饰、装修和其他建筑业,2,E
E501,建筑装饰和装修业,3,E50
E5011,公共建筑装饰和装修,4,E501
E5012,住宅装饰和装修,4,E501
E5013,建筑幕墙装饰和装修,4,E501
E502,建筑物拆除和场地准备活动,3,E50
E5021,建筑物拆除活动,4,E502
E5022,场地准备活动,4,E502
E5030,提供施工设备服务,4,E50
E5090,其他未列明建筑业,4,E50
F,批发和零售业,1,
F51,批发业,2,F
F511,农、林、牧、渔产品批发,3,F51
F5111,谷物、豆及薯类批发,4,F511
F5112,种子批发,4,F511
F5113,畜牧渔业饲料批发,4,F511
F5114,棉、麻批发,4,F511
F5115,林业产品批发,4,F511
F5116,牲畜批发,4,F511
F5117,渔业产品批发,4,F511
F5119,其他农牧产品批发,4,F511
F512,食品、饮料及烟草制品批发,3,F51
F5121,米、面制品及食用油批发,4,F512
F5122,糕点、糖果及糖批发,4,F512
F5123,果品、蔬菜批发,4,F512
F5124,肉、禽、蛋、奶及水产品批发,4,F512
F5125,盐及调味品批发,4,F512
F5126,营养和保健品批发,4,F512
F5127,酒、饮料及茶叶批发,4,F512
F5128,烟草制品批发,4,F512
F5129,其他食品批发,4,F512
F513,纺织、服装及家庭用品批发,3,F51
F5131,纺织品、针织品及原料批发,4,F513
F5132,服装批发,4,F513
F5133,鞋帽批发,4,F513
F5134,化妆品及卫生用品批发,4,F513
F5135,厨具卫具及日用杂品批发,4,F513
F5136,灯具、装饰物品批发,4,F513
F5137,家用视听设备批发,4,F513
F5138,日用家电批发,4,F513
F5139,其他家庭用品批发,4,F513
F514,文化、体育用品及器材批发,3,F51
F5141,文具用品批发,4,F514
F5142,体育用品及器材批发,4,F514
F5143,图书批发,4,F514
F5144,报刊批发,4,F514
F5145,音像制品、电子和数字出版物批发,4,F514
F5146,首饰、工艺品及收藏品批发,4,F514
F5147,乐器批发,4,F514
F5149,其他文化用品批发,4,F514
F515,医药及医疗器材批发,3,F51
F5151,西药批发,4,F515
F5152,中药批发,4,F515
F5153,动物用药品批发,4,F515
F5154,医疗用品及器材批发,4,F515
F516,矿产品、建材及化工产品批发,3,F51
F5161,煤炭及制品批发,4,F516
F5162,石油及制品批发,4,F516
F5163,非金属矿及制品批发,4,F516
F5164,金属及金属矿批发,4,F516
F5165,建材批发,4,F516
F5166,化肥批发,4,F516
F5167,农药批发,4,F516
F5168,农用薄膜批发,4,F516
F5169,其他化工产品批发,4,F516
F517,机械设备、五金产品及电子产品批发,3,F51
F5171,农业机械批发,4,F517
F5172,汽车及零配件批发,4,F517
F5173,摩托车及零配件批发,4,F517
F5174,五金产品批发,4,F517
F5175,电气设备批发,4,F517
F5176,计算机、软件及辅助设备批发,4,F517
F5177,通讯设备批发,4,F517
F5178,广播影视设备批发,4,F517
F5179,其他机械设备及电子产品批发,4,F517
F518,贸易经纪与代理,3,F51
F5181,贸易代理,4,F518
F5182,一般物品拍卖,4,F518
F5183,艺术品、收藏品拍卖,4,F518
F5184,艺术品代理,4,F518
F5189,其他贸易经纪与代理,4,F518
F519,其他批发业,3,F51
F5191,再生物资回收与批发,4,F519
F5192,宠物食品用品批发,4,F519
F5193,互联网批发,4,F519
F5199,其他未列明批发业,4,F519
F52,零售业,2,F
F521,综合零售,3,F52
F5211,百货零售,4,F521
F5212,超级市场零售,4,F521
F5213,便利店零售,4,F521
F5219,其他综合零售,4,F521
F522,食品、饮料及烟草制品专门零售,3,F52
F5221,粮油零售,4,F522
F5222,糕点、面包零售,4,F522
F5223,果品、蔬菜零售,4,F522
F5224,肉、禽、蛋、奶及水产品零售,4,F522
F5225,营养和保健品零售,4,F522
F5226,酒、饮料及茶叶零售,4,F522
F5227,烟草制品零售,4,F522
F5229,其他食品零售,4,F522
F523,纺织、服装及日用品专门零售,3,F52
F5231,纺织品及针织品零售,4,F523
F5232,服装零售,4,F523
F5233,鞋帽零售,4,F523
F5234,化妆品及卫生用品零售,4,F523
F5235,厨具卫具及日用杂品零售,4,F523
F5236,钟表、眼镜零售,4,F523
F5237,箱包零售,4,F523
F5238,自行车等代步设备零售,4,F523
F5239,其他日用品零售,4,F523
F524,文化、体育用品及器材专门零售,3,F52
F5241,文具用品零售,4,F524
F5242,体育用品及器材零售,4,F524
F5243,图书、报刊零售,4,F524
F5244,音像制品、电子和数字出版物零售,4,F524
F5245,珠宝首饰零售,4,F524
F5246,工艺美术品及收藏品零售,4,F524
F5247,乐器零售,4,F524
F5248,照相器材零售,4,F524
F5249,其他文化用品零售,4,F524
F525,医药及医疗器材专门零售,3,F52
F5251,西药零售,4,F525
F5252,中药零售,4,F525
F5253,动物用药品零售,4,F525
F5254,医疗用品及器材零售,4,F525
F5255,保健辅助治疗器材零售,4,F525
F526,汽车、摩托车、零配件和燃料及其他动力销售,3,F52
F5261,汽车新车零售,4,F526
F5262,汽车旧车零售,4,F526
F5263,汽车零配件零售,4,F526
F5264,摩托车及零配件零售,4,F526
F5265,机动车燃油零售,4,F526
F5266,机动车燃气零售,4,F526
F5267,机动车充电销售,4,F526
F527,家用电器及电子产品专门零售,3,F52
F5271,家用视听设备零售,4,F527
F5272,日用家电零售,4,F527
F5273,计算机、软件及辅助设备零售,4,F527
F5274,通信设备零售,4,F527
F5279,其他电子产品零售,4,F527
F528,五金、家具及室内装饰材料专门零售,3,F52
F5281,五金零售,4,F528
F5282,灯具零售,4,F528
F5283,家具零售,4,F528
F5284,涂料零售,4,F528
F5285,卫生洁具零售,4,F528
F5286,木质装饰材料零售,4,F528
F5287,陶瓷、石材装饰材料零售,4,F528
F5289,其他室内装饰材料零售,4,F528
F529,货摊、无店铺及其他零售业,3,F52
F5291,流动货摊零售,4,F529
F5292,互联网零售,4,F529
F5293,邮购及电视、电话零售,4,F529
F5294,自动售货机零售,4,F529
F5295,旧货零售,4,F529
F5296,生活用燃料零售,4,F529
F5297,宠物食品用品零售,4,F529
F5299,其他未列明零售业,4,F529
G,交通运输、仓储和邮政业,1,
G53,铁路运输业,2,G
G531,铁路旅客运输,3,G53
G5311,高速铁路旅客运输,4,G531
G5312,城际铁路旅客运输,4,G531
G5313,普通铁路旅客运输,4,G531
G5320,铁路货物运输,4,G53
G533,铁路运输辅助活动,3,G53
G5331,客运火车站,4,G533
G5332,货运火车站（场）,4,G533
G5333,铁路运输维护活动,4,G533
G5339,其他铁路运输辅助活动,4,G533
G54,道路运输业,2,G
G541,城市公共交通运输,3,G54
G5411,公共电汽车客运,4,G541
G5412,城市轨道交通,4,G541
G5413,出租车客运,4,G541
G5414,公共自行车服务,4,G541
G5419,其他城市公共交通运输,4,G541
G542,公路旅客运输,3,G54
G5421,长途客运,4,G542
G5422,旅游客运,4,G542
G5429,其他公路客运,4,G542
G543,道路货物运输,3,G54
G5431,普通货物道路运输,4,G543
G5432,冷藏车道路运输,4,G543
G5433,集装箱道路运输,4,G543
G5434,大型货物道路运输,4,G543
G5435,危险货物道路运输,4,G543
G5436,邮件包裹道路运输,4,G543
G5437,城市配送,4,G543
G5438,搬家运输,4,G543
G5439,其他道路货物运输,4,G543
G544,道路运输辅助活动,3,G54
G5441,客运汽车站,4,G544
G5442,货运枢纽（站）,4,G544
G5443,公路管理与养护,4,G544
G5449,其他道路运输辅助活动,4,G544
G55,水上运输业,2,G
G551,水上旅客运输,3,G55
G5511,海上旅客运输,4,G551
G5512,内河旅客运输,4,G551
G5513,客运轮渡运输,4,G551
G552,水上货物运输,3,G55
G5521,远洋货物运输,4,G552
G5522,沿海货物运输,4,G552
G5523,内河货物运输,4,G552
G553,水上运输辅助活动,3,G55
G5531,客运港口,4,G553
G5532,货运港口,4,G553
G5539,其他水上运输辅助活动,4,G553
G56,航空运输业,2,G
G561,航空客货运输,3,G56
G5611,航空旅客运输,4,G561
G5612,航空货物运输,4,G561
G562,通用航空服务,3,G56
G5621,通用航空生产服务,4,G562
G5622,观光游览航空服务,4,G562
G5623,体育航空运动服务,4,G562
G5629,其他通用航空服务,4,G562
G563,航空运输辅助活动,3,G56
G5631,机场,4,G563
G5632,空中交通管理,4,G563
G5639,其他航空运输辅助活动,4,G563
G57,管道运输业,2,G
G5710,海底管道运输,4,G57
G5720,陆地管道运输,4,G57
G58,多式联运和运输代理业,2,G
G5810,多式联运,4,G58
G582,运输代理业,3,G58
G5821,货物运输代理,4,G582
G5822,旅客票务代理,4,G582
G5829,其他运输代理业,4,G582
G59,装卸搬运和仓储业,2,G
G5910,装卸搬运,4,G59
G5920,通用仓储,4,G59
G5930,低温仓储,4,G59
G594,危险品仓储,3,G59
G5941,油气仓储,4,G594
G5942,危险化学品仓储,4,G594
G5949,其他危险品仓储,4,G594
G595,谷物、棉花等农产品仓储,3,G59
G5951,谷物仓储,4,G595
G5952,棉花仓储,4,G595
G5959,其他农产品仓储,4,G595
G5960,中药材仓储,4,G59
G5990,其他仓储业,4,G59
G60,邮政业,2,G
G6010,邮政基本服务,4,G60
G6020,快递服务,4,G60
G6090,其他寄递服务,4,G60
H,住宿和餐饮业,1,
H61,住宿业,2,H
H6110,旅游饭店,4,H61
H612,一般旅馆,3,H61
H6121,经济型连锁酒店,4,H612
H6129,其他一般旅馆,4,H612
H6130,民宿服务,4,H61
H6140,露营地服务,4,H61
H6190,其他住宿业,4,H61
H62,餐饮业,2,H
H6210,正餐服务,4,H62
H6220,快餐服务,4,H62
H623,饮料及冷饮服务,3,H62
H6231,茶馆服务,4,H623
H6232,咖啡馆服务,4,H623
H6233,酒吧服务,4,H623
H6239,其他饮料及冷饮服务,4,H623
H624,餐饮配送及外卖送餐服务,3,H62
H6241,餐饮配送服务,4,H624
H6242,外卖送餐服务,4,H624
H629,其他餐饮业,3,H62
H6291,小吃服务,4,H629
H6299,其他未列明餐饮业,4,H629
I,信息传输、软件和信息技术服务业,1,
I63,电信、广播电视和卫星传输服务,2,I
I631,电信,3,I63
I6311,固定电信服务,4,I631
I6312,移动电信服务,4,I631
I6319,其他电信服务,4,I631
I632,广播电视传输服务,3,I63
I6321,有线广播电视传输服务,4,I632
I6322,无线广播电视传输服务,4,I632
I633,卫星传输服务,3,I63
I6331,广播电视卫星传输服务,4,I633
I6339,其他卫星传输服务,4,I633
I64,互联网和相关服务,2,I
I6410,互联网接入及相关服务,4,I64
I642,互联网信息服务,3,I64
I6421,互联网搜索服务,4,I642
I6422,互联网游戏服务,4,I642
I6429,互联网其他信息服务,4,I642
I643,互联网平台,3,I64
I6431,互联网生产服务平台,4,I643
I6432,互联网生活服务平台,4,I643
I6433,互联网科技创新平台,4,I643
I6434,互联网公共服务平台,4,I643
I6439,其他互联网平台,4,I643
I6440,互联网安全服务,4,I64
I6450,互联网数据服务,4,I64
I6490,其他互联网服务,4,I64
I65,软件和信息技术服务业,2,I
I651,软件开发,3,I65
I6511,基础软件开发,4,I651
I6512,支撑软件开发,4,I651
I6513,应用软件开发,4,I651
I6519,其他软件开发,4,I651
I6520,集成电路设计,4,I65
I653,信息系统集成和物联网技术服务,3,I65
I6531,信息系统集成服务,4,I653
I6532,物联网技术服务,4,I653
I6540,运行维护服务,4,I65
I6550,信息处理和存储支持服务,4,I65
I6560,信息技术咨询服务,4,I65
I657,数字内容服务,3,I65
I6571,地理遥感信息服务,4,I657
I6572,动漫、游戏数字内容服务,4,I657
I6579,其他数字内容服务,4,I657
I659,其他信息技术服务业,3,I65
I6591,呼叫中心,4,I659
I6599,其他未列明信息技术服务业,4,I659
J,金融业,1,
J66,货币金融服务,2,J
J6610,中央银行服务,4,J66
J662,货币银行服务,3,J66
J6621,商业银行服务,4,J662
J6622,政策性银行服务,4,J662
J6623,信用合作社服务,4,J662
J6624,农村资金互助社服务,4,J662
J6629,其他货币银行服务,4,J662
J663,非货币银行服务,3,J66
J6631,融资租赁服务,4,J663
J6632,财务公司服务,4,J663
J6633,典当,4,J663
J6634,汽车金融公司服务,4,J663
J6635,小额贷款公司服务,4,J663
J6636,消费金融公司服务,4,J663
J6637,网络借贷服务,4,J663
J6639,其他非货币银行服务,4,J663
J6640,银行理财服务,4,J66
J6650,银行监管服务,4,J66
J67,资本市场服务,2,J
J671,证券市场服务,3,J67
J6711,证券市场管理服务,4,J671
J6712,证券经纪交易服务,4,J671
J6720,公开募集证券投资基金,4,J67
J673,非公开募集证券投资基金,3,J67
J6731,创业投资基金,4,J673
J6732,天使投资,4,J673
J6739,其他非公开募集证券投资基金,4,J673
J674,期货市场服务,3,J67
J6741,期货市场管理服务,4,J674
J6749,其他期货市场服务,4,J674
J6750,证券期货监管服务,4,J67
J6760,资本投资服务,4,J67
J6790,其他资本市场服务,4,J67
J68,保险业,2,J
J681,人身保险,3,J68
J6811,人寿保险,4,J681
J6812,年金保险,4,J681
J6813,健康保险,4,J681
J6814,意外伤害保险,4,J681
J6820,财产保险,4,J68
J6830,再保险,4,J68
J6840,商业养老金,4,J68
J685,保险中介服务,3,J68
J6851,保险经纪服务,4,J685
J6852,保险代理服务,4,J685
J6853,保险公估服务,4,J685
J6860,保险资产管理,4,J68
J6870,保险监管服务,4,J68
J6890,其他保险活动,4,J68
J69,其他金融业,2,J
J691,金融信托与管理服务,3,J69
J6911,信托公司,4,J691
J6919,其他金融信托与管理服务,4,J691
J6920,控股公司服务,4,J69
J6930,非金融机构支付服务,4,J69
J6940,金融信息服务,4,J69
J6950,金融资产管理公司,4,J69
J699,其他未列明金融业,3,J69
J6991,货币经纪公司服务,4,J699
J6999,其他未包括金融业,4,J699
K,房地产业,1,
K70,房地产业,2,K
K7010,房地产开发经营,4,K70
K7020,物业管理,4,K70
K7030,房地产中介服务,4,K70
K7040,房地产租赁经营,4,K70
K7090,其他房地产业,4,K70
L,租赁和商务服务业,1,
L71,租赁业,2,L
L711,机械设备经营租赁,3,L71
L7111,汽车租赁,4,L711
L7112,农业机械经营租赁,4,L711
L7113,建筑工程机械与设备经营租赁,4,L711
L7114,计算机及通讯设备经营租赁,4,L711
L7115,医疗设备经营租赁,4,L711
L7119,其他机械与设备经营租赁,4,L711
L712,文体设备和用品出租,3,L71
L7121,休闲娱乐用品设备出租,4,L712
L7122,体育用品设备出租,4,L712
L7123,文化用品设备出租,4,L712
L7124,图书出租,4,L712
L7125,音像制品出租,4,L712
L7129,其他文体设备和用品出租,4,L712
L7130,日用品出租,4,L71
L72,商务服务业,2,L
L721,组织管理服务,3,L72
L7211,企业总部管理,4,L721
L7212,投资与资产管理,4,L721
L7213,资源与产权交易服务,4,L721
L7214,单位后勤管理服务,4,L721
L7215,农村集体经济组织管理,4,L721
L7219,其他组织管理服务,4,L721
L722,综合管理服务,3,L72
L7221,园区管理服务,4,L722
L7222,商业综合体管理服务,4,L722
L7223,市场管理服务,4,L722
L7224,供应链管理服务,4,L722
L7229,其他综合管理服务,4,L722
L723,法律服务,3,L72
L7231,律师及相关法律服务,4,L723
L7232,公证服务,4,L723
L7239,其他法律服务,4,L723
L724,咨询与调查,3,L72
L7241,会计、审计及税务服务,4,L724
L7242,市场调查,4,L724
L7243,社会经济咨询,4,L724
L7244,健康咨询,4,L724
L7245,环保咨询,4,L724
L7246,体育咨询,4,L724
L7249,其他专业咨询与调查,4,L724
L725,广告业,3,L72
L7251,互联网广告服务,4,L725
L7259,其他广告服务,4,L725
L726,人力资源服务,3,L72
L7261,公共就业服务,4,L726
L7262,职业中介服务,4,L726
L7263,劳务派遣服务,4,L726
L7264,创业指导服务,4,L726
L7269,其他人力资源服务,4,L726
L7271,"安全保护服务
安全服务",4,L72
L7272,安全系统监控服务,4,L72
L7279,其他安全保护服务,4,L72
L728,会议、展览及相关服务,3,L72
L7281,科技会展服务,4,L728
L7282,旅游会展服务,4,L728
L7283,体育会展服务,4,L728
L7284,文化会展服务,4,L728
L7289,其他会议、会展及相关服务,4,L728
L729,其他商务服务业,3,L72
L7291,旅行社及相关服务,4,L729
L7292,包装服务,4,L729
L7293,办公服务,4,L729
L7294,翻译服务,4,L729
L7295,信用服务,4,L729
L7296,非融资担保服务,4,L729
L7297,商务代理代办服务,4,L729
L7298,票务代理服务,4,L729
L7299,其他未列明商务服务业,4,L729
M,科学研究和技术服务业,1,
M73,研究和试验发展,2,M
M7310,自然科学研究和试验发展,4,M73
M7320,工程和技术研究和试验发展,4,M73
M7330,农业科学研究和试验发展,4,M73
M7340,医学研究和试验发展,4,M73
M7350,社会人文科学研究,4,M73
M74,专业技术服务业,2,M
M7410,气象服务,4,M74
M7420,地震服务,4,M74
M743,海洋服务,3,M74
M7431,海洋气象服务,4,M743
M7432,海洋环境服务,4,M743
M7439,其他海洋服务,4,M743
M744,测绘地理信息服务,3,M74
M7441,遥感测绘服务,4,M744
M7449,其他测绘地理信息服务,4,M744
M745,质检技术服务,3,M74
M7451,检验检疫服务,4,M745
M7452,检测服务,4,M745
M7453,计量服务,4,M745
M7454,标准化服务,4,M745
M7455,认证认可服务,4,M745
M7459,其他质检技术服务,4,M745
M746,环境与生态监测检测服务,3,M74
M7461,环境保护监测,4,M746
M7462,生态资源监测,4,M746
M7463,野生动物疫源疫病防控监测,4,M746
M747,地质勘查,3,M74
M7471,能源矿产地质勘查,4,M747
M7472,固体矿产地质勘查,4,M747
M7473,水、二氧化碳等矿产地质勘查,4,M747
M7474,基础地质勘查,4,M747
M7475,地质勘查技术服务,4,M747
M748,工程技术与设计服务,3,M74
M7481,工程管理服务,4,M748
M7482,工程监理服务,4,M748
M7483,工程勘察活动,4,M748
M7484,工程设计活动,4,M748
M7485,规划设计管理,4,M748
M7486,土地规划服务,4,M748
M749,工业与专业设计及其他专业技术服务,3,M74
M7491,工业设计服务,4,M749
M7492,专业设计服务,4,M749
M7493,兽医服务,4,M749
M7499,其他未列明专业技术服务业,4,M749
M75,科技推广和应用服务业,2,M
M751,技术推广服务,3,M75
M7511,农林牧渔技术推广服务,4,M751
M7512,生物技术推广服务,4,M751
M7513,新材料技术推广服务,4,M751
M7514,节能技术推广服务,4,M751
M7515,新能源技术推广服务,4,M751
M7516,环保技术推广服务,4,M751
M7517,三维（3D)打印技术推广服务,4,M751
M7519,其他技术推广服务,4,M751
M7520,知识产权服务,4,M75
M7530,科技中介服务,4,M75
M7540,创业空间服务,4,M75
M7590,其他科技推广服务业,4,M75
N,水利、环境和公共设施管理业,1,
N76,水利管理业,2,N
N7610,防洪除涝设施管理,4,N76
N7620,水资源管理,4,N76
N7630,天然水收集与分配,4,N76
N7640,水文服务,4,N76
N7690,其他水利管理业,4,N76
N77,生态保护和环境治理业,2,N
N771,生态保护,3,N77
N7711,自然生态系统保护管理,4,N771
N7712,自然遗迹保护管理,4,N771
N7713,野生动物保护,4,N771
N7714,野生植物保护,4,N771
N7715,动物园、水族馆管理服务,4,N771
N7716,植物园管理服务,4,N771
N7719,其他自然保护,4,N771
N772,环境治理业,3,N77
N7721,水污染治理,4,N772
N7722,大气污染治理,4,N772
N7723,固体废物治理,4,N772
N7724,危险废物治理,4,N772
N7725,放射性废物治理,4,N772
N7726,土壤污染治理与修复服务,4,N772
N7727,噪声与振动控制服务,4,N772
N7729,其他污染治理,4,N772
N78,公共设施管理业,2,N
N7810,市政设施管理,4,N78
N7820,环境卫生管理,4,N78
N7830,城乡市容管理,4,N78
N7840,绿化管理,4,N78
N7850,城市公园管理,4,N78
N786,游览景区管理,3,N78
N7861,名胜风景区管理,4,N786
N7862,森林公园管理,4,N786
N7869,其他游览景区管理,4,N786
N79,土地管理业,2,N
N7910,土地整治服务,4,N79
N7920,土地调查评估服务,4,N79
N7930,土地登记服务,4,N79
N7940,土地登记代理服务,4,N79
N7990,其他土地管理服务,4,N79
O,居民服务、修理和其他服务业,1,
O80,居民服务业,2,O
O8010,家庭服务,4,O80
O8020,托儿所服务,4,O80
O8030,洗染服务,4,O80
O8040,理发及美容服务,4,O80
O805,洗浴和保健养生服务,3,O80
O8051,洗浴服务,4,O805
O8052,足浴服务,4,O805
O8053,养生保健服务,4,O805
O8060,摄影扩印服务,4,O80
O8070,婚姻服务,4,O80
O8080,殡葬服务,4,O80
O8090,其他居民服务业,4,O80
O81,机动车、电子产品和日用产品修理业,2,O
O811,汽车、摩托车等修理与维护,3,O81
O8111,汽车修理与维护,4,O811
O8112,大型车辆装备修理与维护,4,O811
O8113,摩托车修理与维护,4,O811
O8114,助动车等修理与维护,4,O811
O812,计算机和办公设备维修,3,O81
O8121,计算机和辅助设备修理,4,O812
O8122,通讯设备修理,4,O812
O8129,其他办公设备维修,4,O812
O813,家用电器修理,3,O81
O8131,家用电子产品修理,4,O813
O8132,日用电器修理,4,O813
O819,其他日用产品修理业,3,O81
O8191,自行车修理,4,O819
O8192,鞋和皮革修理,4,O819
O8193,家具和相关物品修理,4,O819
O8199,其他未列明日用产品修理业,4,O819
O82,其他服务业,2,O
O821,清洁服务,3,O82
O8211,建筑物清洁服务,4,O821
O8219,其他清洁服务,4,O821
O822,宠物服务,3,O82
O8221,宠物饲养,4,O822
O8222,宠物医院服务,4,O822
O8223,宠物美容服务,4,O822
O8224,宠物寄托收养服务,4,O822
O8229,其他宠物服务,4,O822
O8290,其他未列明服务业,4,O82
P,教育,1,
P83,教育,2,P
P8310,学前教育,4,P83
P832,初等教育,3,P83
P8321,普通小学教育,4,P832
P8322,成人小学教育,4,P832
P833,中等教育,3,P83
P8331,普通初中教育,4,P833
P8332,职业初中教育,4,P833
P8333,成人初中教育,4,P833
P8334,普通高中教育,4,P833
P8335,成人高中教育,4,P833
P8336,中等职业学校教育,4,P833
P834,高等教育,3,P83
P8341,普通高等教育,4,P834
P8342,成人高等教育,4,P834
P8350,特殊教育,4,P83
P839,技能培训、教育辅助及其他教育,3,P83
P8391,职业技能培训,4,P839
P8392,体校及体育培训,4,P839
P8393,文化艺术培训,4,P839
P8394,教育辅助服务,4,P839
P8399,其他未列明教育,4,P839
Q,卫生和社会工作,1,
Q84,卫生,2,Q
Q841,医院,3,Q84
Q8411,综合医院,4,Q841
Q8412,中医医院,4,Q841
Q8413,中西医结合医院,4,Q841
Q8414,民族医院,4,Q841
Q8415,专科医院,4,Q841
Q8416,疗养院,4,Q841
Q842,基层医疗卫生服务,3,Q84
Q8421,社区卫生服务中心（站）,4,Q842
Q8422,街道卫生院,4,Q842
Q8423,乡镇卫生院,4,Q842
Q8424,村卫生室,4,Q842
Q8425,门诊部（所）,4,Q842
Q843,专业公共卫生服务,3,Q84
Q8431,疾病预防控制中心,4,Q843
Q8432,专科疾病防治院（所、站）,4,Q843
Q8433,妇幼保健院（所、站）,4,Q843
Q8434,急救中心（站）服务,4,Q843
Q8435,采供血机构服务,4,Q843
Q8436,计划生育技术服务活动,4,Q843
Q849,其他卫生活动,3,Q84
Q8491,健康体检服务,4,Q849
Q8492,临床检验服务,4,Q849
Q8499,其他未列明卫生服务,4,Q849
Q85,社会工作,2,Q
Q851,提供住宿社会工作,3,Q85
Q8511,干部休养所,4,Q851
Q8512,护理机构服务,4,Q851
Q8513,精神康复服务,4,Q851
Q8514,老年人、残疾人养护服务,4,Q851
Q8515,临终关怀服务,4,Q851
Q8516,孤残儿童收养和庇护服务,4,Q851
Q8519,其他提供住宿社会救助,4,Q851
Q852,不提供住宿社会工作,3,Q85
Q8521,社会看护与帮助服务,4,Q852
Q8522,康复辅具适配服务,4,Q852
Q8529,其他不提供住宿社会工作,4,Q852
R,文化、体育和娱乐业,1,
R86,新闻和出版业,2,R
R8610,新闻业,4,R86
R862,出版业,3,R86
R8621,图书出版,4,R862
R8622,报纸出版,4,R862
R8623,期刊出版,4,R862
R8624,音像制品出版,4,R862
R8625,电子出版物出版,4,R862
R8626,数字出版,4,R862
R8629,其他出版业,4,R862
R87,广播、电视、电影和录音制作业,2,R
R8710,广播,4,R87
R8720,电视,4,R87
R8730,影视节目制作,4,R87
R8740,广播电视集成播控,4,R87
R8750,电影和广播电视节目发行,4,R87
R8760,电影放映,4,R87
R8770,录音制作,4,R87
R88,文化艺术业,2,R
R8810,文艺创作与表演,4,R88
R8820,艺术表演场馆,4,R88
R883,图书馆与档案馆,3,R88
R8831,图书馆,4,R883
R8832,档案馆,4,R883
R8840,文物及非物质文化遗产保护,4,R88
R8850,博物馆,4,R88
R8860,烈士陵园、纪念馆,4,R88
R8870,群众文体活动,4,R88
R8890,其他文化艺术业,4,R88
R89,体育,2,R
R891,体育组织,3,R89
R8911,体育竞赛组织,4,R891
R8912,体育保障组织,4,R891
R8919,其他体育组织,4,R891
R892,体育场地设施管理,3,R89
R8921,体育场馆管理,4,R892
R8929,其他体育场地设施管理,4,R892
R8930,健身休闲活动,4,R89
R899,其他体育,3,R89
R8991,体育中介代理服务,4,R899
R8992,体育健康服务,4,R899
R8999,其他未列明体育,4,R899
R90,娱乐业,2,R
R901,室内娱乐活动,3,R90
R9011,歌舞厅娱乐活动,4,R901
R9012,电子游艺厅娱乐活动,4,R901
R9013,网吧活动,4,R901
R9019,其他室内娱乐活动,4,R901
R9020,游乐园,4,R90
R9030,休闲观光活动,4,R90
R904,彩票活动,3,R90
R9041,体育彩票服务,4,R904
R9042,福利彩票服务,4,R904
R9049,其他彩票服务,4,R904
R905,文化体育娱乐活动与经纪代理服务,3,R90
R9051,文化活动服务,4,R905
R9052,体育表演服务,4,R905
R9053,文化娱乐经纪人,4,R905
R9054,体育经纪人,4,R905
R9059,其他文化艺术经纪代理,4,R905
R9090,其他娱乐业,4,R90
S,公共管理、社会保障和社会组织,1,
S91,中国共产党机关,2,S
S9100,中国共产党机关,4,S91
S92,国家机构,2,S
S9210,国家权力机构,4,S92
S922,国家行政机构,3,S92
S9221,综合事务管理机构,4,S922
S9222,对外事务管理机构,4,S922
S9223,公共安全管理机构,4,S922
S9224,社会事务管理机构,4,S922
S9225,经济事务管理机构,4,S922
S9226,行政监督检查机构,4,S922
S923,人民法院和人民检察院,3,S92
S9231,人民法院,4,S923
S9232,人民检察院,4,S923
S929,其他国家机构,3,S92
S9291,消防管理机构,4,S929
S9299,其他未列明国家机构,4,S929
S93,人民政协、民主党派,2,S
S9310,人民政协,4,S93
S9320,民主党派,4,S93
S94,社会保障,2,S
S941,基本保险,3,S94
S9411,基本养老保险,4,S941
S9412,基本医疗保险,4,S941
S9413,失业保险,4,S941
S9414,工伤保险,4,S941
S9415,生育保险,4,S941
S9419,其他基本保险,4,S941
S9420,补充保险,4,S94
S9490,其他社会保障,4,S94
S95,群众团体、社会团体和其他成员组织,2,S
S951,群众团体,3,S95
S9511,工会,4,S951
S9512,妇联,4,S951
S9513,共青团,4,S951
S9519,其他群众团体,4,S951
S952,社会团体,3,S95
S9521,专业性团体,4,S952
S9522,行业性团体,4,S952
S9529,其他社会团体,4,S952
S9530,基金会,4,S95
S954,宗教组织,3,S95
S9541,宗教团体服务,4,S954
S9542,宗教活动场所服务,4,S954
S96,基层群众自治组织及其他组织,2,S
S9610,社区居民自治组织,4,S96
S9620,村民自治组织,4,S96
T,国际组织,1,
T97,国际组织,2,T
T9700,国际组织,4,T97
