回合结果，回合1,Unnamed: 1,Unnamed: 2,Unnamed: 3,Unnamed: 4,Unnamed: 5,Unnamed: 6,Unnamed: 7,Unnamed: 8,Unnamed: 9,Unnamed: 10
,,,,,,,,,,
"损益表, 千 USD, 全球",,,,,,,,,,
,,,,,,,,,,
,万物生长ING,津门创赋奇谭,虚怀若谷,Hades,从容应队,高雅人士队,PHY柿柿如意,“烽”狂输出队,决策全都队,星河万里
销售额,,,,,,,,,,
销售额,1317834.7807226265,1533785.824706182,1676583.7381009993,1081883.0277989795,1246340.518884786,1759229.634521953,1777998.3691492195,858643.0448295092,1535842.4676899319,1358284.9051315235
,,,,,,,,,,
成本和费用,,,,,,,,,,
自身生产成本,422118.9745676322,480656.45114565594,389956.6800643965,277131.21378037106,369317.30392923823,597359.4622899476,581930.7078450287,257631.05258278595,427104.7678029015,317146.41938504594
功能成本,65646.78813086894,90203.99124105617,261162.24781535903,55124.77595802642,67539.88874219768,136591.45070426795,90967.02164065774,37982.37129308723,120279.61884518806,128950.85084204773
外包生产成本,292131.10079999996,268341.0067431737,236996.02079999997,253791.0144,236996.02079999997,292131.10079999996,236996.02079999997,98902.1212018675,262590.58671428566,292131.10079999996
运输和关税,83135.82330486293,70086.32198763422,87351.4065770085,36831.88542265832,38103.81862124595,126340.26121081565,79572.76522165499,58356.32812602455,82198.51603101482,54735.01567017447
研发,377000,270000,296365,339783,491365,291365,270000,288537,411365,521365
广告,145000,150000,175000,121000,128000,102500,294000,74770,145888,118600
行政管理,98802.23261631082,98802.23261631082,98802.23261631082,98802.23261631082,98802.23261631082,98802.23261631082,98802.23261631082,98802.23261631082,98802.23261631082,98802.23261631082
成本与费用合计,1483834.9194196747,1428090.003733831,1545633.5878730752,1182464.1221773666,1430124.2647089926,1645089.5076213419,1652268.7481236523,914981.1058200761,1548228.7220097012,1531730.619313579
,,,,,,,,,,
息税折旧及摊销前利润(EBITDA),-166000.13869704818,105695.82097235089,130950.15022792411,-100581.09437838709,-183783.74582420662,114140.12690061121,125729.62102556718,-56338.06099056685,-12386.25431976933,-173445.71418205556
固定资产折旧,126225,126225,126225,126225,126225,126225,126225,126225,126225,126225
,,,,,,,,,,
息税前利润(EBIT),-292225.1386970482,-20529.17902764911,4725.15022792411,-226806.0943783871,-310008.7458242066,-12084.873099388788,-495.3789744328242,-182563.06099056685,-138611.25431976933,-299670.71418205556
财务费用净额,83189.04666433278,47237.18065438451,8429.029737662317,58589.07673896938,71441.36439292105,58580.921833473796,52190.88801867313,53597.038019930245,80434.88804353148,65516.43418994319
,,,,,,,,,,
税前利润,-375414.185361381,-67766.35968203362,-3703.8795097382063,-285395.17111735645,-381450.11021712766,-70665.79493286258,-52686.26699310596,-236160.0990104971,-219046.1423633008,-365187.14837199874
所得税,25504.84732800987,21872.25440231922,31719.348869396053,21173.867257402115,7678.285011276663,10829.308426737167,25429.70203837371,15854.468815795008,20840.29550228696,36713.46053148468
,,,,,,,,,,
本回合利润,-400919.0326893908,-89638.61408435284,-35423.22837913426,-306569.03837475856,-389128.3952284043,-81495.10335959974,-78115.96903147968,-252014.5678262921,-239886.43786558777,-401900.60890348343
,,,,,,,,,,
"资产负债表, 千 USD, 全球",,,,,,,,,,
,,,,,,,,,,
,万物生长ING,津门创赋奇谭,虚怀若谷,Hades,从容应队,高雅人士队,PHY柿柿如意,“烽”狂输出队,决策全都队,星河万里
资产,,,,,,,,,,
固定资产,715275,715275,715275,715275,715275,715275,715275,715275,715275,715275
应收账款,50736.63905782113,59050.754251188,64548.47391688847,41652.49657026071,47984.10997706426,67730.3409290952,68452.93721224496,33057.757225936104,59129.93500606237,52293.96884756366
现金及等价物,462638.8174554141,127090.07679917755,1562382.0721487408,208132.06052937522,318997.5730410413,98744.17955047367,291379.95606524294,228471.64786986326,80814.81082547376,10598.763888552654
总资产,1228650.4565132353,901415.8310503656,2342205.5460656295,965059.557099636,1082256.6830181056,881749.5204795689,1075107.8932774877,976804.4050957994,855219.7458315361,778167.7327361163
,,,,,,,,,,
股东权益,,,,,,,,,,
股本,338000,330000,440000,338000,340000,321800,331120,340000,321800,336000
资本公积,0,0,1098689.9139636313,0,0,0,0,0,0,0
本回合利润,-400919.0326893908,-89638.61408435284,-35423.22837913426,-306569.03837475856,-389128.3952284043,-81495.10335959974,-78115.96903147968,-252014.5678262921,-239886.43786558777,-401900.60890348343
留存收益,261114.8809690104,116257.93611769288,291594.47597474547,261414.8809690104,291594.47597474547,0.8253837150987238,154220.4716329339,261594.47597474547,125.82538371509872,230800.42657130593
权益合计,198195.8482796196,356619.32203334,1794861.1615592423,292845.84259425185,242466.08074634115,240305.72202411536,407224.50260145427,349579.90814845334,82039.38751812733,164899.8176678225
,,,,,,,,,,
股东负债,,,,,,,,,,
长期贷款,709788.929829001,509788.929829001,509788.929829001,499999.929829001,609788.929829001,509788.929829001,629788.929829001,609788.929829001,509788.929829001,99999.92982900102
短期贷款（无计划）,287438.91996268544,0,0,148232.94742828276,202591.32670719508,87286.61103875856,0,0,229042.74914276198,482738.89485144743
应付账款,33226.758441929516,35007.57918802452,37555.454677385416,23980.837248100648,27410.34573556825,44368.2575876937,38094.46084703264,17435.56711834496,34348.67934164551,30529.09038784482
负债总计,1030454.6082336159,544796.5090170256,547344.3845063865,672213.7145053844,839790.6022717642,641443.7984554534,667883.3906760336,627224.4969473459,773180.3583134086,613267.9150682933
,,,,,,,,,,
股东权益和负债总计,1228650.4565132353,901415.8310503656,2342205.5460656285,965059.5570996363,1082256.6830181053,881749.5204795687,1075107.8932774877,976804.4050957992,855219.7458315359,778167.7327361158
,,,,,,,,,,
"损益表, 千 USD, 美国",,,,,,,,,,
,,,,,,,,,,
,万物生长ING,津门创赋奇谭,虚怀若谷,Hades,从容应队,高雅人士队,PHY柿柿如意,“烽”狂输出队,决策全都队,星河万里
销售额,,,,,,,,,,
当地销售额,417974.55760482134,452166.0447319575,355325.382535258,334337.5223545964,358705.12078398035,434567.85107348557,463756.89825486194,204923.54031503282,463072.38342989574,362281.3757481761
出口销售额,551788.1357093236,627270.7619572564,628173.6657923248,338174.01246938313,535601.4345915953,773897.1982083117,678400.5508789929,430409.3933766397,572318.675003859,375651.1942132655
销售额合计,969762.6933141449,1079436.806689214,983499.0483275829,672511.5348239795,894306.5553755757,1208465.0492817974,1142157.4491338548,635332.9336916725,1035391.0584337547,737932.5699614417
,,,,,,,,,,
成本和费用,,,,,,,,,,
自身生产成本,422118.9745676322,480656.45114565594,389956.6800643965,277131.21378037106,369317.30392923823,597359.4622899476,581930.7078450287,257631.05258278595,427104.7678029015,317146.41938504594
功能成本,17764.631755354876,26309.99524817855,48140.858278970445,19060.452898254298,21245.42728064869,30581.95940251591,20256.233385818778,7037.020968221241,36530.32803816866,36188.264753722346
外包生产成本,123163.28639999998,117107.00080411554,106368.29279999998,123163.28639999998,106368.29279999998,123163.28639999998,106368.29279999998,98902.1212018675,109689.3977142857,123163.28639999998
运输和关税,0,0,0,0,0,0,0,0,0,0
研发,377000,270000,296365,339783,491365,291365,270000,288537,411365,521365
广告,95000,80000,75000,58000,50000,38400,102000,24100,75000,54500
行政管理,78802.23261631082,78802.23261631082,78802.23261631082,78802.23261631082,78802.23261631082,78802.23261631082,78802.23261631082,78802.23261631082,78802.23261631082,78802.23261631082
进口产品成本,0,0,0,0,0,0,0,0,0,0
成本和费用合计,1113849.125339298,1052875.679814261,994633.0637596778,895940.1856949362,1117098.2566261976,1159671.9407087741,1159357.4666471584,755009.4273691855,1138491.7261716668,1131165.203155079
,,,,,,,,,,
息税折旧及摊销前利润(EBITDA),-144086.4320251532,26561.126874953043,-11134.015432094922,-223428.6508709567,-222791.70125062193,48793.10857302323,-17200.017513303552,-119676.49367751298,-103100.66773791204,-393232.63319363724
固定资产折旧,126225,126225,126225,126225,126225,126225,126225,126225,126225,126225
,,,,,,,,,,
息税前利润(EBIT),-270311.4320251532,-99663.87312504696,-137359.01543209492,-349653.6508709567,-349016.70125062193,-77431.89142697677,-143425.01751330355,-245901.49367751298,-229325.66773791204,-519457.63319363724
财务费用净额,93753.16181925172,49909.1839046362,40055.666158804765,63259.56562272216,77756.53619590901,61355.74683493095,56899.93033571197,55976.74646257025,77295.80379714648,61378.43558862512
,,,,,,,,,,
税前利润,-364064.5938444049,-149573.05702968314,-177414.68159089968,-412913.21649367886,-426773.23744653095,-138787.63826190773,-200324.94784901553,-301878.24014008325,-306621.4715350585,-580836.0687822624
所得税,0,0,0,0,0,0,0,0,0,0
,,,,,,,,,,
本回合利润,-364064.5938444049,-149573.05702968314,-177414.68159089968,-412913.21649367886,-426773.23744653095,-138787.63826190773,-200324.94784901553,-301878.24014008325,-306621.4715350585,-580836.0687822624
,,,,,,,,,,
"资产负债表, 千 USD, 美国",,,,,,,,,,
,,,,,,,,,,
,万物生长ING,津门创赋奇谭,虚怀若谷,Hades,从容应队,高雅人士队,PHY柿柿如意,“烽”狂输出队,决策全都队,星河万里
资产,,,,,,,,,,
固定资产,715275,715275,715275,715275,715275,715275,715275,715275,715275,715275
应收账款,16092.020467785622,17408.392722180364,13680.027227607434,12871.994610651962,13810.147150183244,16730.862266329194,17854.640582812186,7889.5563021287635,17828.286762050986,13947.83296630478
现金及等价物,2000,6900.66548220113,119417.35310928244,2000,2000,2000,19778.770764529538,129518.96923582797,2000,2000
总资产,733367.0204677857,739584.0582043815,848372.3803368899,730146.994610652,731085.1471501832,734005.8622663292,752908.4113473417,852683.5255379566,735103.2867620509,731222.8329663047
,,,,,,,,,,
股东权益,,,,,,,,,,
股本,298000,290000,400000,298000,300000,281800,291120,300000,281800,296000
资本公积,0,0,1098689.9139636313,0,0,0,0,0,0,0
本回合利润,-364064.5938444049,-149573.05702968314,-177414.68159089968,-412913.21649367886,-426773.23744653095,-138787.63826190773,-200324.94784901553,-301878.24014008325,-306621.4715350585,-580836.0687822624
留存盈余,135526.4591506692,60341.357687942604,151346.2836361375,135682.16815352003,151346.2836361375,0.42839891749341286,80045.05285716872,135775.38335105334,65.30715010534244,119792.3475965563
权益合计,69461.86530626428,200768.30065825945,1472621.5160088693,20768.951659841172,24573.04618960654,143012.79013700975,170840.1050081532,133897.1432109701,-24756.164384953176,-165043.7211857061
,,,,,,,,,,
股东负债,,,,,,,,,,
长期贷款,709788.929829001,509788.929829001,509788.929829001,499999.929829001,609788.929829001,509788.929829001,629788.929829001,609788.929829001,509788.929829001,99999.92982900102
短期贷款（无计划）,287438.91996268544,0,0,148232.94742828276,202591.32670719508,87286.61103875856,0,0,174997.52831612193,412921.4524572672
内部贷款,-355000,5000,-1155000,45000,-125000,-35000,-75000,95000,53000,365000
应付账款,21677.305369835005,24026.827717121076,20961.93449901963,16145.165693527077,19131.844424380644,28917.53126155984,27279.376510187627,13997.452497985674,22072.993001881197,18345.171865742577
负债合计,663905.1551615214,538815.7575461221,-624249.1356719794,709378.0429508109,706512.1009605767,590993.0721293194,582068.3063391886,718786.3823269866,759859.4511470041,896266.5541520108
,,,,,,,,,,
股东权益和负债总计,733367.0204677857,739584.0582043815,848372.3803368899,730146.9946106521,731085.1471501832,734005.8622663291,752908.4113473417,852683.5255379567,735103.2867620509,731222.8329663047
,,,,,,,,,,
"母公司现金流量表, 千 USD",,,,,,,,,,
,,,,,,,,,,
,万物生长ING,津门创赋奇谭,虚怀若谷,Hades,从容应队,高雅人士队,PHY柿柿如意,“烽”狂输出队,决策全都队,星河万里
来自经营活动的现金,,,,,,,,,,
息税折旧及摊销前利润(EBITDA),-144086.4320251532,26561.126874953043,-11134.015432094922,-223428.6508709567,-222791.70125062193,48793.10857302323,-17200.017513303552,-119676.49367751298,-103100.66773791204,-393232.63319363724
应收账变化(增 - / 减 +),-4406.500467785621,-5722.872722180364,-1994.5072276074334,-1186.4746106519615,-2124.6271501832434,-5045.342266329193,-6169.120582812186,3795.963697871237,-6142.766762050986,-2262.3129663047803
库存变化(增 - / 减 +),0,0,0,0,0,0,0,0,0,0
应付账变化(增 + / 减 -),1782.6236268700886,4132.145974156159,1067.2527560547132,-3749.5160494378397,-762.837318584272,9022.849518594925,7384.694767222711,-5897.229244979242,2178.311258916281,-1549.5098772223391
净融资费用（支出-，收入+）,-93753.16181925172,-49909.1839046362,-40055.666158804765,-63259.56562272216,-77756.53619590901,-61355.74683493095,-56899.93033571197,-55976.74646257025,-77295.80379714648,-61378.43558862512
所得税,0,0,0,0,0,0,0,0,0,0
总计,-240463.47068532044,-24938.783777707362,-52116.93606245241,-291624.2071537687,-303435.7019152985,-8585.131009641987,-72884.37366460501,-177754.50568719124,-184360.92703819321,-458422.8916257895
,,,,,,,,,,
投资活动产生的现金,,,,,,,,,,
工厂投资,0,0,0,0,0,0,0,0,0,0
,,,,,,,,,,
融资前现金流量,-240463.47068532044,-24938.783777707362,-52116.93606245241,-291624.2071537687,-303435.7019152985,-8585.131009641987,-72884.37366460501,-177754.50568719124,-184360.92703819321,-458422.8916257895
,,,,,,,,,,
融资活动产生的现金,,,,,,,,,,
股息,-300,-20000,0,0,0,-125,0,-30000,0,0
股票发行和回购收益,-32179.59500573507,-165336.5398570526,1198689.9139636313,-32179.59500573507,0,-309668.65059103037,-146254.00434181155,0,-309668.65059103037,-64794.04940343953
来自子公司的股息,14659.770520266757,84331.6139088577,0,14515.479523117625,0,140247.7953538104,66072.77356284279,14429.099714915865,140187.67410499824,29240.11336385834
长期贷款变化(增加 + / 减少 -),199999.99999999994,0,0,-9789,99999.99999999994,0,119999.99999999994,99999.99999999994,0,-409789
短期贷款变化(增加 + / 减少 -),287438.91996268544,0,0,148232.94742828276,202591.32670719508,87286.61103875856,0,0,174997.52831612193,412921.4524572672
内部贷款变化,-400000,-40000,-1200000,0,-170000,-80000,-120000,50000,8000,320000
总计,69619.09547721707,-141004.92594819487,-1310.0860363687389,120779.83194566531,132591.32670719502,-162259.24419846144,-80181.23077896882,134429.0997149158,13516.551830089797,287578.516417686
,,,,,,,,,,
现金及等价物变化,-170844.3752081034,-165943.70972590224,-53427.02209882115,-170844.3752081034,-170844.37520810345,-170844.37520810342,-153065.60444357383,-43325.40597227545,-170844.37520810342,-170844.3752081035
现金 1.1.,172844.37520810336,172844.37520810336,172844.37520810336,172844.37520810336,172844.37520810336,172844.37520810336,172844.37520810336,172844.37520810336,172844.37520810336,172844.37520810336
现金 31.12.,2000,6900.66548220113,119417.35310928244,2000,2000,2000,19778.770764529538,129518.96923582797,2000,2000
,,,,,,,,,,
"损益表, 千 USD, 亚洲",,,,,,,,,,
,,,,,,,,,,
,万物生长ING,津门创赋奇谭,虚怀若谷,Hades,从容应队,高雅人士队,PHY柿柿如意,“烽”狂输出队,决策全都队,星河万里
销售额,,,,,,,,,,
本地销售额,602731.5196618502,589418.5710599049,858451.8290232221,411886.10926360876,448382.2788852496,886608.2365469276,706889.8351474062,442263.04109536763,587111.2199016458,460865.6197304581
出口销售额,58146.124994804006,7742.69563570585,0,0,0,123858.29728055571,0,0,76363.095841572,194704.35704662968
销售额合计,660877.6446566542,597161.2666956107,858451.8290232221,411886.10926360876,448382.2788852496,1010466.5338274833,706889.8351474062,442263.04109536763,663474.3157432178,655569.9767770878
,,,,,,,,,,
成本和费用,,,,,,,,,,
自身生产成本,0,0,0,0,0,0,0,0,0,0
功能成本,33164.66856457328,29233.67391173391,149766.8267865129,20541.472457887518,20603.690159784535,75919.88551912562,36280.946326509875,19372.662723274952,44581.161985343526,44038.4332823127
外包生产成本,168967.81439999997,151234.0059390582,130627.72799999999,130627.72799999999,130627.72799999999,168967.81439999997,130627.72799999999,0,152901.18899999998,168967.81439999997
运输和关税,69106.58639189677,44766.65401646257,69278.67436275829,19218.31303024691,19358.302859515206,106280.52402239802,54632.129234647204,46477.32260832989,62839.19410487208,37341.31515868526
研发,0,0,0,0,0,0,0,0,0,0
广告,26000,34000,50000,25000,33000,40300,72000,32500,21888,29900
行政管理,10000,10000,10000,10000,10000,10000,10000,10000,10000,10000
进口产品成本,457544.715019738,184473.63868605613,341675.2432462027,69707.79856940063,200875.05705293413,539346.2697653229,238045.24320605886,307767.2192825108,328329.3013314926,172628.2687848696
成本与费用合计,764783.784376208,453707.9725533108,751348.4723954739,275095.31205753505,414464.7780722339,940814.4937068465,541586.046767216,416117.20461411565,620538.8464217081,462875.8316258675
,,,,,,,,,,
息税折旧及摊销前利润(EBITDA),-103906.13971955376,143453.2941422999,107103.35662774823,136790.7972060737,33917.50081301568,69652.04012063681,165303.78838019026,26145.836481251987,42935.46932150971,192694.14515122026
固定资产折旧,0,0,0,0,0,0,0,0,0,0
,,,,,,,,,,
息税前利润(EBIT),-103906.13971955376,143453.2941422999,107103.35662774823,136790.7972060737,33917.50081301568,69652.04012063681,165303.78838019026,26145.836481251987,42935.46932150971,192694.14515122026
财务费用净额,-10282.847144481166,-2361.735206494881,-31215.3919707775,-4368.317843273732,-5906.776873474247,-2543.3493909443123,-4227.558542301158,-2092.631858602501,3510.115940522103,4333.490178112864
,,,,,,,,,,
税前利润,-93623.29257507258,145815.0293487948,138318.74859852574,141159.11504934743,39824.27768648993,72195.38951158112,169531.34692249142,28238.468339854488,39425.3533809876,188360.6549731074
所得税,0,21872.25440231922,20747.81228977886,21173.867257402115,5973.641652973489,10829.308426737167,25429.70203837371,4235.770250978173,5913.80300714814,28254.098245966106
,,,,,,,,,,
本回合利润,-93623.29257507258,123942.77494647559,117570.93630874688,119985.24779194531,33850.636033516435,61366.08108484395,144101.6448841177,24002.698088876314,33511.55037383946,160106.5567271413
,,,,,,,,,,
"资产负债表, 千 USD, 亚洲",,,,,,,,,,
,,,,,,,,,,
,万物生长ING,津门创赋奇谭,虚怀若谷,Hades,从容应队,高雅人士队,PHY柿柿如意,“烽”狂输出队,决策全都队,星河万里
资产,,,,,,,,,,
固定资产,0,0,0,0,0,0,0,0,0,0
应收账款,23205.163506981233,22692.614985806336,33050.39541739405,15857.615206648938,17262.71773708211,34134.41710705671,27215.25865317514,17027.127082171653,22603.781966213362,17743.326359622635
现金及等价物,419729.48010967264,67680.06064361558,1350064.805722843,156861.51116712007,225237.46806492071,75751.8021747014,150605.54223500568,55719.91184839869,2000,2000
总资产,442934.64361665386,90372.67562942192,1383115.201140237,172719.12637376902,242500.18580200282,109886.21928175811,177820.80088818082,72747.03893057034,24603.781966213362,19743.326359622635
,,,,,,,,,,
股东权益,,,,,,,,,,
股本,20000,20000,20000,20000,20000,20000,20000,20000,20000,20000
本回合利润,-93623.29257507258,123942.77494647559,117570.93630874688,119985.24779194531,33850.636033516435,61366.08108484395,144101.6448841177,24002.698088876314,33511.55037383946,160106.5567271413
留存收益,51115.23202150239,22758.378829057037,57081.84550924335,51173.95931253055,57081.84550924335,0.16157516548921164,30189.835066958574,51209.116406427245,24.63127976055575,45180.9460689227
权益合计,-22508.060553570198,166701.1537755326,194652.7818179902,191159.20710447585,110932.48154275978,81366.24266000945,194291.47995107627,95211.81449530355,53536.18165360002,225287.50279606399
,,,,,,,,,,
股东负债,,,,,,,,,,
短期贷款（无计划）,0,0,0,0,0,0,0,0,54045.220826640056,69817.44239418024
内部贷款,455000,-85000,1175000,-25000,125000,15000,-25000,-25000,-93000,-285000
应付账款,10442.704170224095,8671.521853889304,13462.419322246938,6559.919269293175,6567.70425924304,13519.976621748658,8529.320937104547,2535.2244352667863,10022.379485973299,9638.381169378421
负债合计,465442.7041702241,-76328.47814611069,1188462.419322247,-18440.080730706824,131567.70425924304,28519.976621748658,-16470.679062895455,-22464.775564733212,-28932.399687386645,-205544.17643644137
,,,,,,,,,,
股东权益和负债总计,442934.64361665386,90372.67562942192,1383115.201140237,172719.12637376902,242500.18580200282,109886.21928175811,177820.80088818082,72747.03893057034,24603.781966213373,19743.326359622617
,,,,,,,,,,
"现金流量表, 千 USD, 亚洲",,,,,,,,,,
,,,,,,,,,,
,万物生长ING,津门创赋奇谭,虚怀若谷,Hades,从容应队,高雅人士队,PHY柿柿如意,“烽”狂输出队,决策全都队,星河万里
来自经营活动的现金,,,,,,,,,,
息税折旧及摊销前利润(EBITDA),-103906.13971955376,143453.2941422999,107103.35662774823,136790.7972060737,33917.50081301568,69652.04012063681,165303.78838019026,26145.836481251987,42935.46932150971,192694.14515122026
应收账变化(增 - / 减 +),-6046.521531672588,-5533.973010497692,-15891.753442085406,1301.0267686597072,-104.07576177346346,-16975.775131748065,-10056.616677866496,131.5148931369913,-5445.139990904718,-584.6843843139904
库存变化(增 - / 减 +),0,0,0,0,0,0,0,0,0,0
应付账变化(增 + / 减 -),8079.959170224095,6308.776853889304,11099.674322246938,4197.174269293175,4204.95925924304,11157.231621748659,6166.575937104547,172.47943526678637,7659.634485973299,7275.636169378421
净融资费用（支出-，收入+）,10282.847144481166,2361.735206494881,31215.3919707775,4368.317843273732,5906.776873474247,2543.3493909443123,4227.558542301158,2092.631858602501,-3510.115940522103,-4333.490178112864
所得税,0,-21872.25440231922,-20747.81228977886,-21173.867257402115,-5973.641652973489,-10829.308426737167,-25429.70203837371,-4235.770250978173,-5913.80300714814,-28254.098245966106
总计,-91589.8549365211,124717.57878986721,112778.8571889084,125483.44882989819,37951.519530986014,55547.537574844544,140211.60414335577,24306.69241728009,35726.044868908044,166797.5085122057
,,,,,,,,,,
投资活动产生的现金,,,,,,,,,,
工厂投资,0,0,0,0,0,0,0,0,0,0
,,,,,,,,,,
融资前现金流量,-91589.8549365211,124717.57878986721,112778.8571889084,125483.44882989819,37951.519530986014,55547.537574844544,140211.60414335577,24306.69241728009,35726.044868908044,166797.5085122057
,,,,,,,,,,
融资活动产生的现金,,,,,,,,,,
支付给母公司的股息,-5966.613487740964,-34323.46668018631,0,-5907.886196712803,0,-57081.68393407786,-26892.010442284776,-5872.729102816105,-57057.21422948279,-11900.899440320653
短期贷款变化(增加 + / 减少 -),0,0,0,0,0,0,0,0,54045.220826640056,69817.44239418024
内部贷款变化,480000,-60000,1200000,0,150000,40000,0,0,-68000,-260000
总计,474033.386512259,-94323.4666801863,1200000,-5907.886196712803,150000,-17081.68393407786,-26892.010442284776,-5872.729102816105,-71011.99340284274,-202083.45704614042
,,,,,,,,,,
现金及等价物变化,382443.5315757379,30394.112109680907,1312778.8571889084,119575.56263318539,187951.51953098603,38465.85364076668,113319.59370107099,18433.963314463985,-35285.948533934694,-35285.948533934716
现金 1.1.,37285.948533934694,37285.948533934694,37285.948533934694,37285.948533934694,37285.948533934694,37285.948533934694,37285.948533934694,37285.948533934694,37285.948533934694,37285.948533934694
现金 31.12.,419729.48010967264,67680.06064361558,1350064.805722843,156861.51116712007,225237.46806492071,75751.8021747014,150605.54223500568,55719.91184839869,2000,2000
,,,,,,,,,,
"损益表, 千 USD, 欧洲",,,,,,,,,,
,,,,,,,,,,
,万物生长ING,津门创赋奇谭,虚怀若谷,Hades,从容应队,高雅人士队,PHY柿柿如意,“烽”狂输出队,决策全都队,星河万里
销售额,,,,,,,,,,
销售额,297128.70345595514,492201.2089143194,462806.5265425192,335659.3961807742,439253.1192155561,438053.54690153996,607351.6357469514,211456.4634191088,485658.8643583902,535137.9096528894
,,,,,,,,,,
成本和费用,,,,,,,,,,
功能成本,14717.487810940787,34660.322081143706,63254.562749875724,15522.850601884602,25690.771301764464,30089.605782626437,34429.841928329086,11572.687601591031,39168.12882167586,48724.15280601269
运输和关税,14029.236912966173,25319.667971171657,18072.73221425021,17613.572392411406,18745.51576173074,20059.737188417625,24940.635987007787,11879.005517694663,19359.321926142748,17393.70051148921
广告,24000,36000,50000,38000,45000,23800,120000,18170,49000,34200
行政管理,10000,10000,10000,10000,10000,10000,10000,10000,10000,10000
进口产品成本,152389.5456843896,450539.81890690606,286498.4225461221,268466.2138999825,334726.3775386611,358409.2257235445,440355.307672934,122642.17409412889,320352.4695139383,397727.28247502557
成本与费用合计,215136.27040829655,556519.8089592215,427825.71751024807,349602.6368942785,434162.6646021563,442358.56869458855,629725.7855882709,174263.86721341457,437879.9202617569,508045.13579252746
,,,,,,,,,,
息税折旧及摊销前利润(EBITDA),81992.43304765859,-64318.600044902065,34980.80903227115,-13943.240713504318,5090.45461339975,-4305.021793048596,-22374.14984131942,37192.59620569422,47778.94409663329,27092.773860361893
固定资产折旧,0,0,0,0,0,0,0,0,0,0
,,,,,,,,,,
息税前利润(EBIT),81992.43304765859,-64318.600044902065,34980.80903227115,-13943.240713504318,5090.45461339975,-4305.021793048596,-22374.14984131942,37192.59620569422,47778.94409663329,27092.773860361893
财务费用净额,-281.2680104377653,-310.2680437568137,-411.2444503649502,-302.1710404790495,-408.3949295137131,-231.47561051284234,-481.48377473768096,-287.0765840375031,-371.03169413709605,-195.49157679479325
,,,,,,,,,,
税前利润,82273.70105809635,-64008.33200114525,35392.0534826361,-13641.069673025268,5498.849542913464,-4073.546182535754,-21892.66606658174,37479.672789731725,48149.97579077039,27288.265437156686
所得税,25504.84732800987,0,10971.536579617192,0,1704.6433583031737,0,0,11618.698564816834,14926.49249513882,8459.362285518573
,,,,,,,,,,
本回合利润,56768.853730086485,-64008.33200114525,24420.516903018914,-13641.069673025268,3794.2061846102897,-4073.546182535754,-21892.66606658174,25860.97422491489,33223.483295631566,18828.903151638115
,,,,,,,,,,
"资产负债表, 千 USD, 欧洲",,,,,,,,,,
,,,,,,,,,,
,万物生长ING,津门创赋奇谭,虚怀若谷,Hades,从容应队,高雅人士队,PHY柿柿如意,“烽”狂输出队,决策全都队,星河万里
资产,,,,,,,,,,
固定资产,0,0,0,0,0,0,0,0,0,0
应收账款,11439.455083054272,18949.746543201298,17818.05127188699,12922.886752959806,16911.245089798907,16865.06155570929,23383.03797625763,8141.073841635689,18697.866277798024,20602.80952163624
现金及等价物,40909.33734574147,52509.35067336084,92899.91331661542,49270.54936225516,91760.1049761206,20992.377375772274,120995.64306570774,43232.76678563659,76814.81082547376,6598.763888552654
总资产,52348.79242879574,71459.09721656214,110717.96458850241,62193.436115214965,108671.3500659195,37857.43893148156,144378.68104196538,51373.84062727228,95512.67710327178,27201.573410188896
,,,,,,,,,,
股东权益,,,,,,,,,,
股本,20000,20000,20000,20000,20000,20000,20000,20000,20000,20000
本回合利润,56768.853730086485,-64008.33200114525,24420.516903018914,-13641.069673025268,3794.2061846102897,-4073.546182535754,-21892.66606658174,25860.97422491489,33223.483295631566,18828.903151638115
留存收益,74473.18979683885,33158.19960069326,83166.34682936464,74558.75350295984,83166.34682936464,0.23540963212045748,43985.58370880664,74609.97621726489,35.88695384920191,65827.13290582696
权益合计,151242.04352692532,-10850.132400451992,127586.86373238356,80917.68382993457,106960.55301397493,15926.689227096365,42092.9176422249,120470.95044217978,53259.370249480766,104656.03605746507
,,,,,,,,,,
股东负债,,,,,,,,,,
短期贷款（无计划）,0,0,0,0,0,0,0,0,0,0
内部贷款,-100000,80000,-20000,-20000,0,20000,100000,-70000,40000,-80000
应付账款,1106.748901870418,2309.2296170141412,3131.1008561188482,1275.7522852803963,1710.7970519445653,1930.7497043851963,2285.7633997404696,902.8901850924992,2253.3068537910167,2545.537352723823
负债合计,-98893.25109812958,82309.22961701413,-16868.89914388115,-18724.247714719604,1710.7970519445653,21930.749704385198,102285.76339974046,-69097.1098149075,42253.306853791015,-77454.46264727617
,,,,,,,,,,
股东权益和负债总计,52348.79242879574,71459.09721656214,110717.96458850241,62193.436115214965,108671.3500659195,37857.43893148156,144378.68104196538,51373.84062727228,95512.67710327178,27201.573410188896
,,,,,,,,,,
关键财务指标和比率,,,,,,,,,,
,,,,,,,,,,
,万物生长ING,津门创赋奇谭,虚怀若谷,Hades,从容应队,高雅人士队,PHY柿柿如意,“烽”狂输出队,决策全都队,星河万里
财务指标,,,,,,,,,,
"累计收益, 千 USD",-270324.5567146451,40955.86189039286,95171.24759561144,-175974.56240001286,-258533.91925365862,49099.372615145956,52478.506943266024,-121420.0918515464,-109291.96189084207,-271306.13292873773
"公司市值, 千 USD",3196280.9481063923,3884385.3800079557,6695406.955031661,3082989.9640421486,3172032.405224824,3421627.236144467,4293397.643668359,3195417.9090047353,3337635.8553622095,3135956.596845435
"本回合末已发行股票数, 千股",29800,29000,40000,29800,30000,28180,29112,30000,28180,29600
"本回合末每股交易价格, USD",107.25774993645612,133.9443234485502,167.38517387579154,103.45603906181707,105.73441350749412,121.42041292208896,147.47862200014973,106.51393030015784,118.4398813116469,105.94447962315658
"本回合每股交易均价, USD",160.89797502867535,165.3365398570526,119.86899139636313,160.89797502867535,159.8253218618175,170.14761021485185,164.7004553398779,159.8253218618175,170.14761021485185,161.98512350859883
"股息收益, %",0.009385908337555003,0.5148819708501488,0,0,0,0.0036532325520313423,0,0.9388443344283561,0,0
市盈率,,,,,,,,,,
"累计股东回报率（p.a.）, %",-32.88434160433466,-15.761797284308665,4.7300715092631895,-35.26930660508004,-33.84376625944764,-24.02652641167795,-7.7251212247472,-32.730352707743826,-25.894170002643147,-33.71233144472906
,,,,,,,,,,
"关键财务指标, %",,,,,,,,,,
毛利,34.51131360107787,40.71611847816453,41.81821443874694,42.42641084514819,42.876202666528535,34.49278863937588,44.34941377472659,47.257259471112725,41.909830717514104,41.620245965960656
息税折旧及摊销前利润(EBITDA),-12.596430229745723,6.891172109547851,7.810534436904787,-9.296854816459481,-14.745869450561925,6.488074362823433,7.071413742956883,-6.5612900878680325,-0.8064794782240626,-12.76946489847509
息税前利润(EBIT),-22.174641538661497,-1.3384645168162093,0.2818320445643892,-20.964012610476875,-24.873519004388914,-0.686941196432988,-0.027861610169522558,-21.261810957406205,-9.025095817818816,-22.06243425439807
销售利润率(ROS),-30.4225566477726,-5.844271908141045,-2.1128218993258736,-28.33661592773604,-31.221675724431464,-4.632431250610722,-4.393478103630575,-29.3503300753262,-15.619208539428014,-29.588829809204658
权益比率,16.13118256937583,39.562132120288254,76.63124035267525,30.344846640798302,22.40374991912014,27.25328638607221,37.8775474673544,35.78811749053983,9.59278453496883,21.190780693002793
净债务与股东权益之比(gearing),269.7276643161874,107.31298877687993,-58.644822500104965,150.28412656610038,203.48523883277224,207.37390567307295,83.10132902168583,109.07871793284147,802.0743304560806,346.9622155340561
已动用资本回报率(ROCE),-25.010634229283248,-2.0449511232169173,0.2742370456801661,-21.782494056838484,-28.230994211795196,-1.2214563248044037,-0.045481058890479854,-17.38073221447253,-14.127755220019921,-31.727603653458235
股东权益回报率(ROE),-96.63,-18.14,-2.92,-66.33,-89.04,-18.69,-15.04,-51.37,-67.23,-100.92
"每股盈利(EPS), USD",-13.453658815080228,-3.090986692563891,-0.8855807094783565,-10.287551623314046,-12.970946507613478,-2.891948309425115,-2.6832910494462654,-8.400485594209737,-8.51264861126997,-13.577723273766333
,,,,,,,,,,
市场报告，全球,,,,,,,,,,
,,,,,,,,,,
,万物生长ING,津门创赋奇谭,虚怀若谷,Hades,从容应队,高雅人士队,PHY柿柿如意,“烽”狂输出队,决策全都队,星河万里
"全球市场份额, %",,,,,,,,,,
技术1,10.14227209120347,10.56331723469852,13.353938175244565,8.224778768573735,7.804774799326229,14.173992195054517,11.45813626561246,6.32503150079466,10.80561497858365,7.148143990908176
技术2,8.49199296606324,16.41902273649915,0,6.0087502321741875,10.43356624915553,16.83429573680945,16.514243176401774,4.995943443163487,8.507510875405808,11.79467458432734
技术3,0,0,0,0,0,0,0,0,0,0
技术4,0,0,0,0,0,0,0,0,0,0
总计,9.879785072669609,11.49,11.23,7.87,8.22,14.6,12.26,6.11,10.44,7.89
,,,,,,,,,,
"市场报告, 美国",,,,,,,,,,
,,,,,,,,,,
,万物生长ING,津门创赋奇谭,虚怀若谷,Hades,从容应队,高雅人士队,PHY柿柿如意,“烽”狂输出队,决策全都队,星河万里
技术1,,,,,,,,,,
"售价, USD",260,269,310,268,265,225,257,295,268,305
所提供的功能数量,2,3,7,3,3,3,2,2,4,6
"销售, 千件",1108.766,1133.099,1146.211,998.665,992.852,1395.848,1212.846,498.939,1240.717,880.092
"需求, 千件",1108.766,1133.099,1146.211,998.665,992.852,1395.848,1212.846,498.939,1240.717,880.092
,,,,,,,,,,
技术2,,,,,,,,,,
"售价, USD",349,299,,369,340,265,320,330,348,375
所提供的功能数量,2,2,,1,2,2,2,1,3,3
"销售, 千件",371.62,492.851,,180.746,281.175,454.725,475.173,174.959,375.173,250.276
"需求, 千件",371.62,492.851,,180.746,281.175,454.725,475.173,174.959,375.173,250.276
,,,,,,,,,,
技术3,,,,,,,,,,
"售价, USD",,,,,,,,,,
所提供的功能数量,,,,,,,,,,
"销售, 千件",,,,,,,,,,
"需求, 千件",,,,,,,,,,
,,,,,,,,,,
技术4,,,,,,,,,,
"售价, USD",,,,,,,,,,
所提供的功能数量,,,,,,,,,,
"销售, 千件",,,,,,,,,,
"需求, 千件",,,,,,,,,,
,,,,,,,,,,
"美国 市场份额, %",,,,,,,,,,
技术1,10.452130841281534,10.681519667375856,10.805119762729076,9.414236000510021,9.359430089440284,13.158401243269143,11.433280600512568,4.703403171460975,11.696015791833931,8.29646283158663
技术2,12.157575195938053,16.123630227324167,0,5.91310567865653,9.198647925787546,14.876346301118293,15.545308791505185,5.723808638900761,12.273793556443737,8.18778368432573
技术3,0,0,0,0,0,0,0,0,0,0
技术4,0,0,0,0,0,0,0,0,0,0
总计,10.833625830218873,11.89887859333237,8.38809628547867,8.631059657197023,9.32346433683361,13.542692544858467,12.353110171585675,4.931660148271539,11.825260302988001,8.272152129235765
,,,,,,,,,,
"市场报告, 亚洲",,,,,,,,,,
,,,,,,,,,,
,万物生长ING,津门创赋奇谭,虚怀若谷,Hades,从容应队,高雅人士队,PHY柿柿如意,“烽”狂输出队,决策全都队,星河万里
技术1,,,,,,,,,,
"售价, RMB",1700,1799,1950,1949,2055,1600,1830,2050,1858,2300
所提供的功能数量,2,2,7,2,2,3,2,2,3,5
"销售, 千件",2559.503,2258.024,3565.877,1711.789,1483.833,3908.42,2541.004,1507.395,2327.378,1383.012
"需求, 千件",2559.503,2258.024,3565.877,1711.789,1483.833,3998.987,2541.004,1507.395,2327.378,1383.012
,,,,,,,,,,
技术2,,,,,,,,,,
"售价, RMB",2600,1999,,,2499,2000,2230,2300,2888,2600
所提供的功能数量,2,1,,,2,2,2,1,3,2
"销售, 千件",204.219,356.231,,,233.141,464.028,482.408,213.988,149.354,212.34
"需求, 千件",204.219,356.231,,,233.141,464.028,482.408,213.988,149.354,212.34
,,,,,,,,,,
技术3,,,,,,,,,,
"售价, RMB",,,,,,,,,,
所提供的功能数量,,,,,,,,,,
"销售, 千件",,,,,,,,,,
"需求, 千件",,,,,,,,,,
,,,,,,,,,,
技术4,,,,,,,,,,
"售价, RMB",,,,,,,,,,
所提供的功能数量,,,,,,,,,,
"销售, 千件",,,,,,,,,,
"需求, 千件",,,,,,,,,,
,,,,,,,,,,
"亚洲 市场份额, %",,,,,,,,,,
技术1,11.010399116354558,9.713505304736978,15.339588980939773,7.363727533317997,6.383112801261766,16.81313017281273,10.930818999563305,6.484468702671739,10.011847544040236,5.949400844300923
技术2,8.818865929235088,15.383223840058887,0,0,10.067798375189499,20.038261717668608,20.832003957201035,9.240695303998683,6.4495896837153746,9.16956119293281
技术3,0,0,0,0,0,0,0,0,0,0
技术4,0,0,0,0,0,0,0,0,0,0
总计,10.81186370147568,10.227136550785374,13.94994465326011,6.696632592901477,6.716915904686122,17.105301349165533,11.827787329730748,6.734160833738155,9.689135414303012,6.241121669953782
,,,,,,,,,,
"市场报告, 欧洲",,,,,,,,,,
,,,,,,,,,,
,万物生长ING,津门创赋奇谭,虚怀若谷,Hades,从容应队,高雅人士队,PHY柿柿如意,“烽”狂输出队,决策全都队,星河万里
技术1,,,,,,,,,,
"售价, EUR",143,149,220,149,178,155,181,152,178,219
所提供的功能数量,2,3,7,2,3,3,3,2,4,6
"销售, 千件",1054.395,1527.596,1506.061,1119.344,1157.543,1295.732,1581.534,938.864,1463.449,1065.37
"需求, 千件",1054.395,1527.596,1506.061,1119.344,1157.543,1295.732,1581.534,938.864,1463.449,1065.37
,,,,,,,,,,
技术2,,,,,,,,,,
"售价, EUR",360,209,,211,268,200,299,170,388,260
所提供的功能数量,2,2,,1,2,2,2,1,3,3
"销售, 千件",172.063,596.966,,348.454,404.584,563.868,496.852,51.053,224.742,576.158
"需求, 千件",172.063,596.966,,348.454,404.584,563.868,496.852,314.75,224.742,576.158
,,,,,,,,,,
技术3,,,,,,,,,,
"售价, EUR",,,,,,,,,,
所提供的功能数量,,,,,,,,,,
"销售, 千件",,,,,,,,,,
"需求, 千件",,,,,,,,,,
,,,,,,,,,,
技术4,,,,,,,,,,
"售价, EUR",,,,,,,,,,
所提供的功能数量,,,,,,,,,,
"销售, 千件",,,,,,,,,,
"需求, 千件",,,,,,,,,,
,,,,,,,,,,
"欧洲 市场份额, %",,,,,,,,,,
技术1,8.295861008634633,12.018958127879282,11.849522898337662,8.806876350334312,9.10741813476823,10.194681115555637,12.443338589399174,7.38688007915348,11.514252313606443,8.382211382331148
技术2,5.009482944861703,17.380240473487582,0,10.144977829951255,11.779165234455439,16.416624835923155,14.46549025079628,1.4863711096660033,6.543216419358014,16.77443090150057
技术3,0,0,0,0,0,0,0,0,0,0
技术4,0,0,0,0,0,0,0,0,0,0
总计,7.5966900443884,13.159561209580678,9.32855842318621,9.091555009821537,9.67582747771699,11.518388341577259,12.873547682667036,6.131557512581859,10.456673455654194,10.16764084282586
,,,,,,,,,,
生产详情,,,,,,,,,,
,,,,,,,,,,
,万物生长ING,津门创赋奇谭,虚怀若谷,Hades,从容应队,高雅人士队,PHY柿柿如意,“烽”狂输出队,决策全都队,星河万里
"自身生产, 千件",,,,,,,,,,
美国,,,,,,,,,,
技术1,4722.664,3718.72,4218.149,2829.799,1634.228,6600,3335.385,2565.198,4731.544,3328.473
技术2,,646.047,,,918.899,,1454.433,,,
技术3,,,,,,,,,,
技术4,,,,,,,,,,
,,,,,,,,,,
亚洲,,,,,,,,,,
技术1,,,,,,,,,,
技术2,,,,,,,,,,
技术3,,,,,,,,,,
技术4,,,,,,,,,,
,,,,,,,,,,
"外包生产, 千件",,,,,,,,,,
美国,,,,,,,,,,
技术1,,600,1000,,1000,,1000,380,300,
技术2,1000,400,,1000,,1000,,440,600,1000
技术3,,,,,,,,,,
技术4,,,,,,,,,,
,,,,,,,,,,
亚洲,,,,,,,,,,
技术1,,600,1000,1000,1000,,1000,,,
技术2,1000,400,,,,1000,,,900,1000
技术3,,,,,,,,,,
技术4,,,,,,,,,,
,,,,,,,,,,
,万物生长ING,津门创赋奇谭,虚怀若谷,Hades,从容应队,高雅人士队,PHY柿柿如意,“烽”狂输出队,决策全都队,星河万里
"产能使用, %",,,,,,,,,,
美国,,,,,,,,,,
技术1,71.55550780352652,56.34423692906437,63.91134481073561,42.87574107516364,24.76102428315336,100,50.536129955646494,38.866630420564675,71.69005362953841,50.43140910859435
技术2,,9.788593868775155,,,13.922717324369716,,22.0368696647278,,,
技术3,,,,,,,,,,
技术4,,,,,,,,,,
闲置产能,28.44449219647348,33.867169202160476,36.08865518926439,57.12425892483637,61.31625839247692,0,27.42700037962571,61.133369579435325,28.309946370461592,49.56859089140565
,,,,,,,,,,
亚洲,,,,,,,,,,
技术1,,,,,,,,,,
技术2,,,,,,,,,,
技术3,,,,,,,,,,
技术4,,,,,,,,,,
闲置产能,0,0,0,0,0,0,0,0,0,0
,,,,,,,,,,
工厂数量,,,,,,,,,,
本回合,,,,,,,,,,
美国,12,12,12,12,12,12,12,12,12,12
亚洲,,,,,,,,,,
,,,,,,,,,,
下回合,,,,,,,,,,
美国,12,12,12,12,12,12,12,12,12,12
亚洲,,,,,,,,,,
,,,,,,,,,,
下回合后,,,,,,,,,,
美国,12,12,12,12,12,12,12,12,12,12
亚洲,4,4,10,3,4,3,7,1,3,8
,,,,,,,,,,
物流详情,,,,,,,,,,
,,,,,,,,,,
,万物生长ING,津门创赋奇谭,虚怀若谷,Hades,从容应队,高雅人士队,PHY柿柿如意,“烽”狂输出队,决策全都队,星河万里
"技术1, 千件",,,,,,,,,,
美国,,,,,,,,,,
自身生产,4722.664,3718.72,4218.149,2829.799,1634.228,6600,3335.385,2565.198,4731.544,3328.473
外包生产,0,600,1000,0,1000,0,1000,380,300,0
进口自亚洲,0,0,0,0,0,0,0,0,0,0
产品总量,4722.664,4318.72,5218.149,2829.799,2634.228,6600,4335.385,2945.198,5031.544,3328.473
,,,,,,,,,,
在美国销售,-1108.766,-1133.099,-1146.211,-998.665,-992.852,-1395.848,-1212.846,-498.939,-1240.717,-880.092
出口到 亚洲,-2559.503,-1658.024,-2565.877,-711.789,-483.833,-3908.42,-1541.004,-1507.395,-2327.378,-1383.012
出口到 欧洲,-1054.395,-1527.596,-1506.061,-1119.344,-1157.543,-1295.732,-1581.534,-938.864,-1463.449,-1065.37
生产缓冲,1085.336,373.28,2381.851,2120.201,2259.772,0,1020.615,3704.802,1868.456,1753.527
未满足需求,0,0,0,0,0,0,0,0,0,0
,,,,,,,,,,
亚洲,,,,,,,,,,
自身生产,0,0,0,0,0,0,0,0,0,0
外包生产,0,600,1000,1000,1000,0,1000,0,0,0
进口自美国,2559.503,1658.024,2565.877,711.789,483.833,3908.42,1541.004,1507.395,2327.378,1383.012
产品总量,2559.503,2258.024,3565.877,1711.789,1483.833,3908.42,2541.004,1507.395,2327.378,1383.012
,,,,,,,,,,
在亚洲销售,-2559.503,-2258.024,-3565.877,-1711.789,-1483.833,-3908.42,-2541.004,-1507.395,-2327.378,-1383.012
出口到 美国,0,0,0,0,0,0,0,0,0,0
出口到 欧洲,0,0,0,0,0,0,0,0,0,0
生产缓冲,0,0,0,0,0,0,0,0,0,0
未满足需求,0,0,0,0,0,91,0,0,0,0
,,,,,,,,,,
欧洲,,,,,,,,,,
进口自美国,1054.395,1527.596,1506.061,1119.344,1157.543,1295.732,1581.534,938.864,1463.449,1065.37
进口自亚洲,0,0,0,0,0,0,0,0,0,0
产品总量,1054.395,1527.596,1506.061,1119.344,1157.543,1295.732,1581.534,938.864,1463.449,1065.37
,,,,,,,,,,
在欧洲销售,-1054.395,-1527.596,-1506.061,-1119.344,-1157.543,-1295.732,-1581.534,-938.864,-1463.449,-1065.37
未满足需求,0,0,0,0,0,0,0,0,0,0
,,,,,,,,,,
,万物生长ING,津门创赋奇谭,虚怀若谷,Hades,从容应队,高雅人士队,PHY柿柿如意,“烽”狂输出队,决策全都队,星河万里
"技术2, 千件",,,,,,,,,,
美国,,,,,,,,,,
自身生产,0,646.047,,0,918.899,0,1454.433,0,0,0
外包生产,1000,400,,1000,0,1000,0,440,600,1000
进口自亚洲,0,0,,0,0,0,0,0,0,0
产品总量,1000,1046.047,,1000,918.899,1000,1454.433,440,600,1000
,,,,,,,,,,
在美国销售,-371.62,-492.851,,-180.746,-281.175,-454.725,-475.173,-174.959,-375.173,-250.276
出口到 亚洲,0,0,,0,-233.141,-27.896,-482.408,-213.988,0,0
出口到 欧洲,0,-553.197,,-348.454,-404.584,0,-496.852,-51.053,0,0
生产缓冲,628.38,1465.953,,1262.801,1120.501,517.379,723.567,0,224.827,1739.724
未满足需求,0,0,,0,0,0,0,0,0,0
,,,,,,,,,,
亚洲,,,,,,,,,,
自身生产,0,0,,0,0,0,0,0,0,0
外包生产,1000,400,,0,0,1000,0,0,900,1000
进口自美国,0,0,,0,233.141,27.896,482.408,213.988,0,0
产品总量,1000,400,,0,233.141,1027.896,482.408,213.988,900,1000
,,,,,,,,,,
在亚洲销售,-204.219,-356.231,,0,-233.141,-464.028,-482.408,-213.988,-149.354,-212.34
出口到 美国,0,0,,0,0,0,0,0,0,0
出口到 欧洲,-172.063,-43.769,,0,0,-563.868,0,0,-224.742,-576.158
生产缓冲,623.718,0,,0,0,0,0,0,525.904,211.502
未满足需求,0,0,,0,0,0,0,0,0,0
,,,,,,,,,,
欧洲,,,,,,,,,,
进口自美国,0,553.197,,348.454,404.584,0,496.852,51.053,0,0
进口自亚洲,172.063,43.769,,0,0,563.868,0,0,224.742,576.158
产品总量,172.063,596.966,,348.454,404.584,563.868,496.852,51.053,224.742,576.158
,,,,,,,,,,
在欧洲销售,-172.063,-596.966,,-348.454,-404.584,-563.868,-496.852,-51.053,-224.742,-576.158
未满足需求,0,0,,0,0,0,0,264,0,0
,,,,,,,,,,
,万物生长ING,津门创赋奇谭,虚怀若谷,Hades,从容应队,高雅人士队,PHY柿柿如意,“烽”狂输出队,决策全都队,星河万里
"技术3, 千件",,,,,,,,,,
美国,,,,,,,,,,
自身生产,,,,,,,,,,
外包生产,,,,,,,,,,
进口自亚洲,,,,,,,,,,
产品总量,,,,,,,,,,
,,,,,,,,,,
在美国销售,,,,,,,,,,
出口到 亚洲,,,,,,,,,,
出口到 欧洲,,,,,,,,,,
生产缓冲,,,,,,,,,,
未满足需求,,,,,,,,,,
,,,,,,,,,,
亚洲,,,,,,,,,,
自身生产,,,,,,,,,,
外包生产,,,,,,,,,,
进口自美国,,,,,,,,,,
产品总量,,,,,,,,,,
,,,,,,,,,,
在亚洲销售,,,,,,,,,,
出口到 美国,,,,,,,,,,
出口到 欧洲,,,,,,,,,,
生产缓冲,,,,,,,,,,
未满足需求,,,,,,,,,,
,,,,,,,,,,
欧洲,,,,,,,,,,
进口自美国,,,,,,,,,,
进口自亚洲,,,,,,,,,,
产品总量,,,,,,,,,,
,,,,,,,,,,
在欧洲销售,,,,,,,,,,
未满足需求,,,,,,,,,,
,,,,,,,,,,
,万物生长ING,津门创赋奇谭,虚怀若谷,Hades,从容应队,高雅人士队,PHY柿柿如意,“烽”狂输出队,决策全都队,星河万里
"技术4, 千件",,,,,,,,,,
美国,,,,,,,,,,
自身生产,,,,,,,,,,
外包生产,,,,,,,,,,
进口自亚洲,,,,,,,,,,
产品总量,,,,,,,,,,
,,,,,,,,,,
在美国销售,,,,,,,,,,
出口到 亚洲,,,,,,,,,,
出口到 欧洲,,,,,,,,,,
生产缓冲,,,,,,,,,,
未满足需求,,,,,,,,,,
,,,,,,,,,,
亚洲,,,,,,,,,,
自身生产,,,,,,,,,,
外包生产,,,,,,,,,,
进口自美国,,,,,,,,,,
产品总量,,,,,,,,,,
,,,,,,,,,,
在亚洲销售,,,,,,,,,,
出口到 美国,,,,,,,,,,
出口到 欧洲,,,,,,,,,,
生产缓冲,,,,,,,,,,
未满足需求,,,,,,,,,,
,,,,,,,,,,
欧洲,,,,,,,,,,
进口自美国,,,,,,,,,,
进口自亚洲,,,,,,,,,,
产品总量,,,,,,,,,,
,,,,,,,,,,
在欧洲销售,,,,,,,,,,
未满足需求,,,,,,,,,,
,,,,,,,,,,
,万物生长ING,津门创赋奇谭,虚怀若谷,Hades,从容应队,高雅人士队,PHY柿柿如意,“烽”狂输出队,决策全都队,星河万里
"该市场所售产品来源，, 千件",,,,,,,,,,
美国,,,,,,,,,,
美国,1480.386,1625.95,1146.211,1179.411,1274.026,1850.573,1688.019,673.898,1615.89,1130.367
亚洲,,,,,,,,,,
,,,,,,,,,,
亚洲,,,,,,,,,,
美国,2559.503,1658.024,2565.877,711.789,716.974,3936.316,2023.412,1721.382,2327.378,1383.012
亚洲,204.219,956.231,1000,1000,1000,436.132,1000,,149.354,212.34
,,,,,,,,,,
欧洲,,,,,,,,,,
美国,1054.395,2080.793,1506.061,1467.798,1562.126,1295.732,2078.386,989.917,1463.449,1065.37
亚洲,172.063,43.769,,,,563.868,,,224.742,576.158
,,,,,,,,,,
成本报告,,,,,,,,,,
,,,,,,,,,,
,万物生长ING,津门创赋奇谭,虚怀若谷,Hades,从容应队,高雅人士队,PHY柿柿如意,“烽”狂输出队,决策全都队,星河万里
"每件售出产品的含关税运费, USD",,,,,,,,,,
美国,,,,,,,,,,
技术1,0,0,0,0,0,0,0,0,0,0
技术2,0,0,,0,0,0,0,0,0,0
技术3,,,,,,,,,,
技术4,,,,,,,,,,
每件售出产品的平均物流成本,0,0,0,0,0,0,0,0,0,0
,,,,,,,,,,
亚洲,,,,,,,,,,
技术1,27.000000000000004,19.8255862642242,19.428229773363128,11.22703140370103,8.803886794579661,27,16.37427807199378,27,27,27
技术2,0,0,,,27,1.623164036214581,27,27,0,0
技术3,,,,,,,,,,
技术4,,,,,,,,,,
每件售出产品的平均物流成本,25.004894443257083,17.124059467864605,19.428229773363128,11.22703140370103,11.27466160249285,24.306873685913285,18.069692695329206,27,25.37182620452017,23.406318332819296
,,,,,,,,,,
欧洲,,,,,,,,,,
技术1,12,12.000000000000002,12,12,12,12,11.999999999999998,12,12,12
技术2,8,11.70672063346832,,11.999999999999998,12,8,12.000000000000002,12,8,8
技术3,,,,,,,,,,
技术4,,,,,,,,,,
每件售出产品的平均物流成本,11.438830126323888,11.917593447942854,12,11.999999999999998,12.000000000000002,10.787119512248443,12,11.999999999999998,11.467495120649973,10.59604415096066
,,,,,,,,,,
,万物生长ING,津门创赋奇谭,虚怀若谷,Hades,从容应队,高雅人士队,PHY柿柿如意,“烽”狂输出队,决策全都队,星河万里
"单件产品的自身生产成本, USD",,,,,,,,,,
美国,,,,,,,,,,
技术1,89.38154776938516,90.05561763344375,92.44735131027585,97.93318271024313,101.62536592287958,90.50900943787084,91.09634178909127,100.43321879129253,90.26753410020694,95.28285771698589
技术2,,225.6257104015782,,,221.17583091411473,,191.2011748498232,,,
技术3,,,,,,,,,,
技术4,,,,,,,,,,
,,,,,,,,,,
亚洲,,,,,,,,,,
技术1,,,,,,,,,,
技术2,,,,,,,,,,
技术3,,,,,,,,,,
技术4,,,,,,,,,,
,,,,,,,,,,
"单件外包产品成本, USD",,,,,,,,,,
美国,,,,,,,,,,
技术1,,109.21623428571426,106.36829279999998,,106.36829279999998,,106.36829279999998,111.61276671797192,112.70951999999998,
技术2,123.16328639999999,128.94315058171745,,123.16328639999999,,123.16328639999999,,128.38470420235944,126.46090285714286,123.16328639999999
技术3,,,,,,,,,,
技术4,,,,,,,,,,
,,,,,,,,,,
亚洲,,,,,,,,,,
技术1,,134.1252,130.627728,130.627728,130.627728,,130.627728,,,
技术2,168.96781439999998,176.89721484764544,,,,168.96781439999998,,,169.89021,168.96781439999998
技术3,,,,,,,,,,
技术4,,,,,,,,,,
,,,,,,,,,,
,万物生长ING,津门创赋奇谭,虚怀若谷,Hades,从容应队,高雅人士队,PHY柿柿如意,“烽”狂输出队,决策全都队,星河万里
"每件售出产品的平均成本, USD",,,,,,,,,,
美国,,,,,,,,,,
技术1,89.38154776938516,92.71760335069699,95.1151444562058,97.93318271024313,103.42586595267217,90.50900943787084,94.61897069072856,101.87564431851314,91.60561171337227,95.2828577169859
技术2,123.16328639999998,188.65508029974484,,123.16328639999998,221.17583091411473,123.16328639999998,191.20117484982316,128.38470420235944,126.46090285714287,123.16328639999998
技术3,,,,,,,,,,
技术4,,,,,,,,,,
加权平均值,97.86175399737279,121.79773531909544,95.1151444562058,101.79971678300973,129.4130219420744,98.53285602514418,121.80660595281806,108.75800731976027,99.69821225039878,101.45589043326093
,,,,,,,,,,
亚洲,,,,,,,,,,
技术1,89.38154776938516,103.72038965314971,105.07414900242264,117.0328136778583,121.75802007161306,90.50900943787084,108.79004632559447,101.87564431851314,91.60561171337227,95.2828577169859
技术2,168.96781439999998,176.89721484764544,,,221.17583091411473,166.21417504646726,191.20117484982316,128.38470420235944,169.89021,168.96781439999998
技术3,,,,,,,,,,
技术4,,,,,,,,,,
加权平均值,95.26239972476161,113.69180494956328,105.07414900242264,117.0328136778583,135.25755262092474,98.54324876951017,121.93936769615377,105.17102376059043,96.326386954852,105.09027541990265
,,,,,,,,,,
欧洲,,,,,,,,,,
技术1,89.38154776938516,92.71760335069699,95.1151444562058,97.93318271024313,103.42586595267217,90.50900943787084,94.61897069072856,101.87564431851314,91.60561171337227,95.2828577169859
技术2,168.96781439999998,187.79299546685573,,123.16328639999998,221.17583091411473,168.96781439999998,191.20117484982316,128.38470420235944,169.89021,168.96781439999998
技术3,,,,,,,,,,
技术4,,,,,,,,,,
加权平均值,100.54690156724907,119.43218386288486,95.1151444562058,103.92278281932171,133.92257985587554,114.29929784558867,117.70758583230094,103.24279579754739,102.02734435476873,121.14546419731793
,,,,,,,,,,
"废品率，% , %",,,,,,,,,,
美国,,,,,,,,,,
技术1,1.8432949664177873,1.8557383481093783,1.8494070813493202,1.867791690820186,1.8859214008635203,1.8226628357026275,1.8608053776129483,1.87159756508937,1.8431897799819321,1.8608984929848384
技术2,,2.4749650715931892,,,2.408066580482124,,2.321082665872024,,,
技术3,,,,,,,,,,
技术4,,,,,,,,,,
,,,,,,,,,,
亚洲,,,,,,,,,,
技术1,,,,,,,,,,
技术2,,,,,,,,,,
技术3,,,,,,,,,,
技术4,,,,,,,,,,
,,,,,,,,,,
"公司特定债务利率, %",,,,,,,,,,
"美国, 长期",12.54153546098211,10.230900253318515,8.573928385897556,11.174911418720963,11.939339543899075,11.40245624292458,10.408717431236983,10.674789207848962,13.160554224874064,12.026745460156954
"美国, 短期",13.541535460982113,11.230900253318515,9.573928385897554,12.174911418720963,12.939339543899075,12.40245624292458,11.408717431236983,11.674789207848962,14.160554224874064,13.026745460156954
"亚洲, 短期",15.54284223790223,12.86349040997944,10.942108407350743,13.958139878120537,14.844550821347827,14.22199690616878,13.069682868328227,13.378211247980932,16.260641423338253,14.94590417869934
"欧洲, 短期",14.208637719955487,11.775096972205489,10.029988393048619,12.769320905187486,13.574409969715326,13.008969797339311,11.962372576934063,12.242596554559617,14.860583291028796,13.666465033004416
,,,,,,,,,,
"边际收益明细（按技术划分）, 千 USD, 美国",,,,,,,,,,
,,,,,,,,,,
,万物生长ING,津门创赋奇谭,虚怀若谷,Hades,从容应队,高雅人士队,PHY柿柿如意,“烽”狂输出队,决策全都队,星河万里
技术1,,,,,,,,,,
销售额,,,,,,,,,,
销售额,288279.08778451197,304803.73046030186,355325.382535258,267642.3464576824,263105.6849977516,314065.7639983575,311701.5336398703,147186.90634645193,332512.28358445154,268427.9685829595
,,,,,,,,,,
成本和费用,,,,,,,,,,
自身和外包生产,99103.19636817745,105058.25792056145,109022.01641547629,97802.48812178502,102686.54078476779,126336.80532373092,114758.281228506,50829.69803150316,113656.68335807462,83857.65225491703
进口产品成本,0,0,0,0,0,0,0,0,0,0
运输和关税,0,0,0,0,0,0,0,0,0,0
功能成本,13305.188666977476,20395.788655336182,48140.858278970445,17975.978493426428,17871.32954701709,25125.261119868603,14554.157212756589,5987.263986974315,29777.219425473275,31683.30120979194
单位销售的成本总额,112408.38503515493,125454.04657589764,157162.87469444674,115778.46661521145,120557.87033178487,151462.06644359953,129312.4384412626,56816.962018477476,143433.90278354788,115540.95346470897
,,,,,,,,,,
销售利润,175870.70274935703,179349.68388440422,198162.50784081127,151863.87984247092,142547.81466596673,162603.697554758,182389.0951986077,90369.94432797446,189078.38080090366,152887.0151182505
广告,45000,45000,75000,30000,30000,28600,55000,22000,40000,33500
,,,,,,,,,,
毛利,130870.70274935703,134349.68388440422,123162.50784081127,121863.87984247092,112547.81466596673,134003.697554758,127389.09519860771,68369.94432797446,149078.38080090366,119387.0151182505
,,,,,,,,,,
技术2,,,,,,,,,,
销售额,,,,,,,,,,
销售额,129695.46982030936,147362.31427165566,,66695.17589691406,95599.43578622874,120502.08707512802,152055.36461499167,57736.63396858088,130560.09984544422,93853.40716521666
,,,,,,,,,,
成本和费用,,,,,,,,,,
自身和外包生产,45769.9721898605,92978.75997349643,,22261.2386192141,62189.072485116754,56005.407782006514,90853.63861438949,22462.12325362471,47444.67845854481,30824.784176814373
进口产品成本,0,0,,0,0,0,0,0,0,0
运输和关税,0,0,,0,0,0,0,0,0,0
功能成本,4459.443088377398,5914.206592842367,,1084.474404827871,3374.0977336316028,5456.698282647306,5702.076173062187,1049.756981246925,6753.10861269539,4504.9635439304
单位销售的成本总额,50229.415278237895,98892.9665663388,,23345.71302404197,65563.17021874836,61462.10606465382,96555.71478745168,23511.880234871638,54197.7870712402,35329.747720744774
,,,,,,,,,,
销售利润,79466.05454207146,48469.34770531686,,43349.4628728721,30036.265567480383,59039.9810104742,55499.64982753999,34224.753733709236,76362.31277420401,58523.65944447189
广告,50000,35000,,28000,20000,9800,47000,2100,35000,21000
,,,,,,,,,,
毛利,29466.054542071462,13469.34770531686,,15349.4628728721,10036.265567480383,49239.9810104742,8499.649827539994,32124.753733709236,41362.31277420401,37523.65944447189
,,,,,,,,,,
技术3,,,,,,,,,,
销售额,,,,,,,,,,
销售额,,,,,,,,,,
,,,,,,,,,,
成本和费用,,,,,,,,,,
自身和外包生产,,,,,,,,,,
进口产品成本,,,,,,,,,,
运输和关税,,,,,,,,,,
功能成本,,,,,,,,,,
单位销售的成本总额,,,,,,,,,,
,,,,,,,,,,
销售利润,,,,,,,,,,
广告,,,,,,,,,,
,,,,,,,,,,
毛利,,,,,,,,,,
,,,,,,,,,,
技术4,,,,,,,,,,
销售额,,,,,,,,,,
销售额,,,,,,,,,,
,,,,,,,,,,
成本和费用,,,,,,,,,,
自身和外包生产,,,,,,,,,,
进口产品成本,,,,,,,,,,
运输和关税,,,,,,,,,,
功能成本,,,,,,,,,,
单位销售的成本总额,,,,,,,,,,
,,,,,,,,,,
销售利润,,,,,,,,,,
广告,,,,,,,,,,
,,,,,,,,,,
毛利,,,,,,,,,,
,,,,,,,,,,
"边际收益明细（按技术划分）, 千 USD, 亚洲",,,,,,,,,,
,,,,,,,,,,
,万物生长ING,津门创赋奇谭,虚怀若谷,Hades,从容应队,高雅人士队,PHY柿柿如意,“烽”狂输出队,决策全都队,星河万里
技术1,,,,,,,,,,
销售额,,,,,,,,,,
销售额,537179.6838876292,501504.39220674976,858451.8290232221,411886.10926360876,376454.02194791206,772033.5149428555,574078.640616618,381501.1535214228,533860.1858566636,392707.01812974905
,,,,,,,,,,
成本和费用,,,,,,,,,,
自身和外包生产,0,80475.12000000001,130627.72799999999,130627.72799999999,130627.72799999999,0,130627.72799999999,0,0,0
进口产品成本,457544.715019738,184473.63868605613,341675.2432462027,69707.79856940063,98930.83041850633,534158.2610445305,145808.19519587487,261063.58833471488,328329.3013314926,172628.2687848696
运输和关税,69106.58639189677,44766.65401646257,69278.67436275829,19218.31303024691,13063.501021901877,105527.33107375156,41607.103116313854,40699.659646407395,62839.19410487208,37341.31515868526
功能成本,30714.03839639856,27096.290673983363,149766.8267865129,20541.472457887518,17806.00045417861,70351.55404916771,30492.045829472823,18088.73762062551,41892.79606991472,41490.350176316955
单位销售的成本总额,557365.3398080333,336811.70337650203,691348.4723954739,240095.31205753505,260428.0598945868,710037.1461674498,348535.07214166154,319851.9856017478,433061.2915062794,251459.93411987182
,,,,,,,,,,
销售利润,-20185.655920404126,164692.68883024773,167103.35662774823,171790.7972060737,116025.96205332526,61996.36877540569,225543.56847495644,61649.167919675005,100798.89435038425,141247.08400987723
广告,16000,18000,50000,25000,28000,30000,38000,31000,20000,19000
,,,,,,,,,,
毛利,-36185.655920404126,146692.68883024773,117103.35662774823,146790.7972060737,88025.96205332526,31996.36877540569,187543.56847495644,30649.167919675005,80798.89435038425,122247.08400987723
,,,,,,,,,,
技术2,,,,,,,,,,
销售额,,,,,,,,,,
销售额,65551.83577422095,87914.17885315508,,,71928.2569373375,114574.72160407214,132811.19453078814,60761.8875739448,53251.03404498221,68158.60160070905
,,,,,,,,,,
成本和费用,,,,,,,,,,
自身和外包生产,34506.468618265586,63016.19030335233,,,0,73692.20110726482,0,0,25373.72499605794,35878.66944413861
进口产品成本,0,0,,,101944.22663442782,5188.008720792335,92237.048010184,46703.6309477959,0,0
运输和关税,0,0,,,6294.80183761333,753.192948646462,13025.026118333348,5777.66296192249,0,0
功能成本,2450.6301681747213,2137.3832377505437,,,2797.6897056059242,5568.331469957905,5788.900497037043,1283.9251026494421,2688.3659154288107,2548.083105995738
单位销售的成本总额,36957.09878644031,65153.57354110287,,,111036.71817764707,85201.73424666152,111050.97462555439,53765.21901236783,28062.09091148675,38426.75255013435
,,,,,,,,,,
销售利润,28594.73698778064,22760.605312052212,,,-39108.46124030957,29372.987357410617,21760.219905233753,6996.6685615769675,25188.94313349546,29731.849050574703
广告,10000,16000,,,5000,10300,34000,1500,1888,10900
,,,,,,,,,,
毛利,18594.73698778064,6760.605312052212,,,-44108.46124030957,19072.987357410617,-12239.780094766247,5496.6685615769675,23300.94313349546,18831.849050574703
,,,,,,,,,,
技术3,,,,,,,,,,
销售额,,,,,,,,,,
销售额,,,,,,,,,,
,,,,,,,,,,
成本和费用,,,,,,,,,,
自身和外包生产,,,,,,,,,,
进口产品成本,,,,,,,,,,
运输和关税,,,,,,,,,,
功能成本,,,,,,,,,,
单位销售的成本总额,,,,,,,,,,
,,,,,,,,,,
销售利润,,,,,,,,,,
广告,,,,,,,,,,
,,,,,,,,,,
毛利,,,,,,,,,,
,,,,,,,,,,
技术4,,,,,,,,,,
销售额,,,,,,,,,,
销售额,,,,,,,,,,
,,,,,,,,,,
成本和费用,,,,,,,,,,
自身和外包生产,,,,,,,,,,
进口产品成本,,,,,,,,,,
运输和关税,,,,,,,,,,
功能成本,,,,,,,,,,
单位销售的成本总额,,,,,,,,,,
,,,,,,,,,,
销售利润,,,,,,,,,,
广告,,,,,,,,,,
,,,,,,,,,,
毛利,,,,,,,,,,
,,,,,,,,,,
"边际收益明细（按技术划分）, 千 USD, 欧洲",,,,,,,,,,
,,,,,,,,,,
,万物生长ING,津门创赋奇谭,虚怀若谷,Hades,从容应队,高雅人士队,PHY柿柿如意,“烽”狂输出队,决策全都队,星河万里
技术1,,,,,,,,,,
销售额,,,,,,,,,,
销售额,210607.30656977042,317928.1771397562,462806.5265425192,232961.469252665,287800.27717013354,280531.26714683126,399844.77290826745,199333.6255713914,363857.78694096574,325895.71701696917
,,,,,,,,,,
成本和费用,,,,,,,,,,
自身和外包生产,0,0,0,0,0,0,0,0,0,0
进口产品成本,94243.4206895856,254943.07948223597,286498.4225461221,192932.83167696616,191551.75159748853,234550.9284429888,269357.66965205036,114776.86708395928,243989.37367236632,203022.9254283959
运输和关税,12652.735117016944,18331.152536944828,18072.73221425021,13432.128811357794,13890.511080067454,15548.789887309129,18978.411882642606,11266.369685487398,17561.382048581305,12784.435540215964
功能成本,12652.735117016944,27496.728805417242,63254.562749875724,13432.128811357794,20835.76662010118,23323.18483096369,28467.61782396391,11266.369685487398,35122.76409716261,38353.30662064789
单位销售的成本总额,119548.89092361949,300770.96082459803,367825.717510248,219797.08929968177,226278.02929765717,273422.90316126164,316803.6993586569,137309.60645493408,296673.5198181103,254160.66758925974
,,,,,,,,,,
销售利润,91058.41564615093,17157.216315158177,94980.80903227121,13164.379952983232,61522.24787247638,7108.363985569624,83041.07354961056,62024.01911645732,67184.26712285547,71735.04942770943
广告,8000,20000,50000,20000,28000,15200,65000,16370,25000,15200
,,,,,,,,,,
毛利,83058.41564615093,-2842.783684841823,44980.80903227121,-6835.620047016768,33522.24787247638,-8091.636014430376,18041.073549610563,45654.01911645732,42184.26712285547,56535.049427709426
,,,,,,,,,,
技术2,,,,,,,,,,
销售额,,,,,,,,,,
销售额,86521.39688618474,174273.03177456313,,102697.92692810918,151452.8420454225,157522.2797547087,207506.86283868403,12122.83784771737,121801.07741742449,209242.19263592016
,,,,,,,,,,
成本和费用,,,,,,,,,,
自身和外包生产,0,0,,0,0,0,0,0,0,0
进口产品成本,58146.124994804006,195596.73942467006,,75533.38222301636,143174.6259411726,123858.29728055571,170997.63802088363,7865.307010169609,76363.095841572,194704.35704662968
运输和关税,1376.5017959492293,6988.515434226827,,4181.443581053614,4855.004681663286,4510.9473011084965,5962.224104365183,612.6358322072656,1797.9398775614438,4609.264971273244
功能成本,2064.752693923844,7163.593275726465,,2090.721790526807,4855.004681663286,6766.420951662745,5962.224104365183,306.3179161036328,4045.364724513249,10370.846185364799
单位销售的成本总额,61587.37948467708,209748.84813462335,,81805.54759459678,152884.63530449918,135135.66553332694,182922.086229614,8784.260758480508,82206.40044364668,209684.46820326772
,,,,,,,,,,
销售利润,24934.017401507655,-35475.81636006021,,20892.379333512406,-1431.7932590766868,22386.61422138175,24584.776609070017,3338.577089236862,39594.67697377781,-442.2755673475622
广告,16000,16000,,18000,17000,8600,55000,1800,24000,19000
,,,,,,,,,,
毛利,8934.017401507655,-51475.81636006021,,2892.3793335124064,-18431.793259076687,13786.614221381751,-30415.223390929983,1538.5770892368619,15594.676973777809,-19442.275567347562
,,,,,,,,,,
技术3,,,,,,,,,,
销售额,,,,,,,,,,
销售额,,,,,,,,,,
,,,,,,,,,,
成本和费用,,,,,,,,,,
自身和外包生产,,,,,,,,,,
进口产品成本,,,,,,,,,,
运输和关税,,,,,,,,,,
功能成本,,,,,,,,,,
单位销售的成本总额,,,,,,,,,,
,,,,,,,,,,
销售利润,,,,,,,,,,
广告,,,,,,,,,,
,,,,,,,,,,
毛利,,,,,,,,,,
,,,,,,,,,,
技术4,,,,,,,,,,
销售额,,,,,,,,,,
销售额,,,,,,,,,,
,,,,,,,,,,
成本和费用,,,,,,,,,,
自身和外包生产,,,,,,,,,,
进口产品成本,,,,,,,,,,
运输和关税,,,,,,,,,,
功能成本,,,,,,,,,,
单位销售的成本总额,,,,,,,,,,
,,,,,,,,,,
销售利润,,,,,,,,,,
广告,,,,,,,,,,
,,,,,,,,,,
毛利,,,,,,,,,,
